,Unnamed: 0,Player,Pos,Ht,Wt,Forty,Vertical,BenchReps,BroadJump,Cone,Shuttle,Year,Pfr_ID,AV,Team,Round,Pick,yr2
119,667,Ladell Betts,RB,70,220,4.62,38.0,23.0,116.0,7.06,4.06,2002,BettLa00,9.0,Washington Redskins,2.0,56.0,4.545454545454546
120,672,Deion Branch,WR,69,191,4.47,36.0,18.89873417721519,117.0,6.71,3.78,2002,BranDe00,17.0,New England Patriots,2.0,65.0,4.615384615384615
121,680,Antonio Bryant,WR,73,188,4.57,37.0,18.89873417721519,121.0,7.002360801781737,4.244398249452954,2002,BryaAn00,14.0,Dallas Cowboys,2.0,63.0,6.875
122,685,Reche Caldwell,WR,72,194,4.53,41.5,18.89873417721519,130.0,7.0,4.1,2002,CaldRe00,8.0,San Diego Chargers,2.0,48.0,2.5
123,689,David Carr,QB,75,223,4.67,35.0,18.89873417721519,108.0,7.05,4.28,2002,CarrDa00,25.0,Houston Texans,1.0,1.0,8.6875
124,690,Tim Carter,WR,72,190,4.32,39.0,18.89873417721519,126.0,6.68,3.93,2002,CartTi00,4.0,New York Giants,2.0,46.0,1.2
125,692,Rock Cartwright,RB,68,237,4.47,35.0,30.0,116.0,7.18,4.25,2002,CartRo01,5.0,Washington Redskins,7.0,257.0,1.1875
127,706,Ronald Curry,QB,74,220,4.59,35.0,18.89873417721519,115.0,7.06,4.11,2002,CurrRo01,6.0,Oakland Raiders,7.0,235.0,-1.0
129,712,Andre' Davis,WR,73,194,4.42,39.5,18.89873417721519,123.0,6.77,4.1,2002,DaviAn01,13.0,Cleveland Browns,2.0,47.0,5.25
131,720,T.J. Duckett,RB,72,254,4.45,34.79401408450704,18.89873417721519,118.64737793851718,7.002360801781737,4.244398249452954,2002,DuckT.00,14.0,Atlanta Falcons,1.0,18.0,6.75
132,729,Antwaan Randle El,WR,70,191,4.49,34.79401408450704,18.89873417721519,118.64737793851718,7.002360801781737,4.244398249452954,2002,RandAn00,18.0,Pittsburgh Steelers,2.0,62.0,5.125
133,734,Randy Fasani,QB,75,224,4.77,31.5,18.89873417721519,106.0,6.75,3.87,2002,FasaRa00,1.0,Carolina Panthers,5.0,137.0,1.5
135,750,Jabar Gaffney,WR,73,193,4.56,34.79401408450704,18.89873417721519,118.64737793851718,6.87,4.06,2002,GaffJa00,13.0,Houston Texans,2.0,33.0,3.8125
136,752,David Garrard,QB,74,235,4.82,33.5,18.89873417721519,111.0,7.35,4.26,2002,GarrDa00,3.0,Jacksonville Jaguars,4.0,108.0,8.5
137,753,David Givens,WR,72,217,4.56,40.5,18.89873417721519,126.0,6.82,4.13,2002,GiveDa00,15.0,New England Patriots,7.0,253.0,1.1666666666666667
138,757,Lamar Gordon,RB,73,214,4.55,34.0,16.0,119.0,7.002360801781737,4.244398249452954,2002,GordLa00,7.0,St. Louis Rams,3.0,84.0,5.0
139,758,Daniel Graham,TE,75,248,4.64,36.0,18.89873417721519,118.0,7.002360801781737,4.244398249452954,2002,GrahDa00,9.0,New England Patriots,1.0,21.0,1.75
140,761,William Green,RB,72,221,4.6,42.0,27.0,121.0,7.002360801781737,4.244398249452954,2002,GreeWi01,14.0,Cleveland Browns,1.0,16.0,8.25
141,768,Ryan Hannam,TE,74,251,4.69,30.5,18.0,113.0,7.07,4.21,2002,HannRy00,1.0,Seattle Seahawks,5.0,169.0,0.5333333333333333
142,770,Joey Harrington,QB,76,215,4.89,32.0,18.89873417721519,112.0,7.0,4.21,2002,HarrJo00,19.0,Detroit Lions,1.0,3.0,7.571428571428571
146,786,Kahlil Hill,WR,74,200,4.65,35.0,18.89873417721519,118.64737793851718,7.002360801781737,4.244398249452954,2002,HillKa20,0.0,Atlanta Falcons,6.0,184.0,-1.0
147,790,Javin Hunter,WR,71,186,4.47,41.0,18.89873417721519,129.0,6.84,4.04,2002,HuntJa00,0.0,Baltimore Ravens,6.0,206.0,0.16666666666666666
148,798,Ron Johnson,WR,74,225,4.7,34.5,18.89873417721519,118.0,7.12,4.02,2002,JohnRo03,1.0,Baltimore Ravens,4.0,123.0,1.0625
149,802,Doug Jolley,TE,76,251,4.6,38.0,18.0,117.0,6.9,4.18,2002,JollDo00,9.0,Oakland Raiders,2.0,55.0,3.3125
150,803,Terry Jones,TE,75,265,4.79,33.5,20.0,111.0,7.43,4.43,2002,JoneTe00,4.0,Baltimore Ravens,5.0,155.0,1.2142857142857142
151,806,Daryl Jones,WR,69,180,4.35,34.79401408450704,18.89873417721519,118.64737793851718,7.002360801781737,4.244398249452954,2002,JoneDa02,1.0,New York Giants,7.0,226.0,0.6153846153846154
153,817,Ashley Lelie,WR,75,197,4.49,34.79401408450704,18.89873417721519,118.64737793851718,7.002360801781737,4.244398249452954,2002,LeliAs00,22.0,Denver Broncos,1.0,19.0,4.3125
155,824,Chris Luzar,TE,79,270,4.76,32.5,22.0,115.0,6.84,4.17,2002,LuzaCh00,0.0,Jacksonville Jaguars,4.0,118.0,0.08333333333333333
157,829,Jason McAddley,WR,73,203,4.47,36.5,18.89873417721519,123.0,6.83,4.09,2002,McAdJa00,3.0,Arizona Cardinals,5.0,149.0,4.666666666666667
159,838,Randy McMichael,TE,75,247,4.88,29.5,18.0,112.0,7.58,4.28,2002,McMiRa01,18.0,Miami Dolphins,4.0,114.0,4.5
161,851,Maurice Morris,RB,71,208,4.53,38.5,23.0,119.0,7.002360801781737,4.244398249452954,2002,MorrMa00,5.0,Seattle Seahawks,2.0,54.0,2.090909090909091
165,863,John Owens,TE,75,265,4.77,38.5,21.0,117.0,7.002360801781737,4.244398249452954,2002,OwenJo00,0.0,Detroit Lions,5.0,138.0,0.3333333333333333
166,866,Justin Peelle,TE,76,255,4.75,29.0,21.0,110.0,7.34,4.29,2002,PeelJu00,2.0,San Diego Chargers,4.0,103.0,0.13333333333333333
168,877,Clinton Portis,RB,71,204,4.42,34.79401408450704,18.89873417721519,118.64737793851718,7.002360801781737,4.244398249452954,2002,PortCl00,39.0,Denver Broncos,2.0,51.0,17.75
169,881,Patrick Ramsey,QB,74,219,5.24,33.5,18.89873417721519,112.0,7.12,4.09,2002,RamsPa00,13.0,Washington Redskins,1.0,32.0,8.88888888888889
170,886,Josh Reed,WR,70,210,4.54,34.79401408450704,18.89873417721519,118.64737793851718,7.002360801781737,4.244398249452954,2002,ReedJo01,12.0,Buffalo Bills,2.0,36.0,3.875
174,897,Matt Schobel,TE,77,263,4.571792318634424,34.5,18.89873417721519,118.64737793851718,7.002360801781737,4.244398249452954,2002,SchoMa00,7.0,Cincinnati Bengals,3.0,67.0,2.0625
176,904,Jeremy Shockey,TE,77,255,4.64,34.79401408450704,18.89873417721519,118.64737793851718,7.002360801781737,4.244398249452954,2002,ShocJe00,17.0,New York Giants,1.0,14.0,6.533333333333333
178,914,Donte' Stallworth,WR,72,197,4.22,34.79401408450704,18.89873417721519,118.64737793851718,7.002360801781737,4.244398249452954,2002,StalDo00,19.0,New Orleans Saints,1.0,13.0,8.307692307692308
179,917,Travis Stephens,RB,68,194,4.6,32.0,15.0,121.0,7.002360801781737,4.244398249452954,2002,StepTr01,0.0,Tampa Bay Buccaneers,4.0,119.0,1.0
180,918,Jerramy Stevens,TE,79,265,4.77,34.79401408450704,18.89873417721519,118.64737793851718,7.002360801781737,4.244398249452954,2002,StevJe00,6.0,Seattle Seahawks,1.0,28.0,3.5
181,925,Chester Taylor,RB,71,213,4.58,33.0,22.0,114.0,7.002360801781737,4.244398249452954,2002,TaylCh01,11.0,Baltimore Ravens,6.0,207.0,2.533333333333333
182,937,Javon Walker,WR,75,210,4.38,39.5,18.89873417721519,128.0,6.86,4.05,2002,WalkJa00,25.0,Green Bay Packers,1.0,20.0,2.533333333333333
183,944,Jonathan Wells,RB,73,243,4.52,34.79401408450704,18.89873417721519,118.64737793851718,7.002360801781737,4.244398249452954,2002,WellJo00,6.0,Houston Texans,4.0,99.0,4.5625
184,946,Brian Westbrook,RB,68,200,4.57,37.0,26.0,118.0,7.09,4.244398249452954,2002,WestBr00,26.0,Philadelphia Eagles,3.0,91.0,2.066666666666667
186,964,Sam Aiken,WR,74,209,4.59,39.5,18.89873417721519,121.0,7.22,4.244398249452954,2003,AikeSa00,3.0,Buffalo Bills,4.0,127.0,0.8
187,966,B.J. Askew,RB,74,241,4.6,34.79401408450704,18.89873417721519,118.64737793851718,7.002360801781737,4.244398249452954,2003,AskeB.00,0.0,New York Jets,3.0,85.0,0.0625
188,977,Arnaz Battle,WR,73,217,4.58,35.0,18.89873417721519,117.0,6.74,4.06,2003,BattAr00,5.0,San Francisco 49ers,6.0,197.0,0.125
189,983,Anquan Boldin,WR,73,216,4.72,33.5,18.89873417721519,114.0,7.35,4.33,2003,BoldAn00,25.0,Arizona Cardinals,2.0,54.0,11.75
190,984,Kyle Boller,QB,75,234,4.61,35.5,18.89873417721519,117.0,7.2,4.02,2003,BollKy00,13.0,Baltimore Ravens,1.0,19.0,6.818181818181818
191,993,Chris Brown,RB,75,220,4.46,34.79401408450704,18.89873417721519,118.64737793851718,7.002360801781737,4.244398249452954,2003,BrowCh03,18.0,Tennessee Titans,3.0,93.0,2.5454545454545454
192,997,Nate Burleson,WR,72,197,4.51,42.5,18.89873417721519,126.0,6.96,4.16,2003,BurlNa00,19.0,Minnesota Vikings,3.0,71.0,3.625
193,1001,Tyrone Calico,WR,76,223,4.34,38.0,18.89873417721519,127.0,6.73,4.26,2003,CaliTy00,5.0,Tennessee Titans,2.0,60.0,4.0
194,1004,Dallas Clark,TE,75,257,4.65,37.5,18.89873417721519,123.0,7.002360801781737,4.244398249452954,2003,ClarDa00,15.0,Indianapolis Colts,1.0,24.0,4.0
196,1013,Kevin Curtis,WR,71,186,4.42,36.0,18.89873417721519,122.0,6.76,3.99,2003,CurtKe00,10.0,St. Louis Rams,3.0,74.0,0.25
199,1031,Justin Fargas,RB,73,219,4.35,34.79401408450704,27.0,137.0,7.002360801781737,4.244398249452954,2003,FargJu00,2.0,Oakland Raiders,3.0,96.0,2.1
200,1041,Doug Gabriel,WR,74,213,4.52,35.5,18.89873417721519,116.0,7.05,4.16,2003,GabrDo00,11.0,Oakland Raiders,5.0,167.0,0.16666666666666666
201,1042,Justin Gage,WR,76,217,4.45,34.79401408450704,18.89873417721519,118.64737793851718,7.002360801781737,4.244398249452954,2003,GageJu00,7.0,Chicago Bears,5.0,143.0,4.6
203,1045,Talman Gardner,WR,73,205,4.44,34.5,18.89873417721519,116.0,7.54,4.43,2003,GardTa00,0.0,New Orleans Saints,7.0,231.0,0.3
204,1055,Quentin Griffin,RB,67,195,4.48,38.0,21.0,123.0,7.002360801781737,4.08,2003,GrifQu00,6.0,Denver Broncos,4.0,108.0,4.1
205,1060,Rex Grossman,QB,73,217,5.06,34.79401408450704,18.89873417721519,118.64737793851718,7.002360801781737,4.244398249452954,2003,GrosRe00,3.0,Chicago Bears,1.0,22.0,7.666666666666667
206,1076,Keenan Howry,WR,70,178,4.56,31.5,18.89873417721519,114.0,7.34,4.28,2003,HowrKe00,0.0,Minnesota Vikings,7.0,221.0,0.125
207,1082,Taylor Jacobs,WR,72,205,4.42,34.79401408450704,18.89873417721519,118.64737793851718,7.002360801781737,4.244398249452954,2003,JacoTa00,2.0,Washington Redskins,2.0,44.0,1.25
208,1086,Teyo Johnson,WR,77,247,4.61,33.5,18.89873417721519,118.64737793851718,7.002360801781737,4.244398249452954,2003,JohnTe00,2.0,Oakland Raiders,2.0,63.0,1.1875
209,1088,Larry Johnson,RB,73,228,4.45,34.79401408450704,19.0,118.64737793851718,7.002360801781737,4.244398249452954,2003,JohnLa00,25.0,Kansas City Chiefs,1.0,27.0,2.5
210,1093,Bryant Johnson,WR,74,214,4.57,34.79401408450704,18.89873417721519,118.64737793851718,7.002360801781737,4.244398249452954,2003,JohnBr02,10.0,Arizona Cardinals,1.0,17.0,3.3333333333333335
211,1094,Bethel Johnson,WR,71,201,4.38,38.5,18.89873417721519,127.0,7.002360801781737,4.244398249452954,2003,JohnBe00,7.0,New England Patriots,2.0,45.0,2.1333333333333333
212,1096,Andre Johnson,WR,74,230,4.41,39.0,18.89873417721519,132.0,7.002360801781737,4.244398249452954,2003,JohnAn02,26.0,Houston Texans,1.0,3.0,7.5625
216,1117,Donald Lee,TE,75,249,4.82,39.0,26.0,120.0,7.42,4.42,2003,LeexDo00,4.0,Miami Dolphins,5.0,156.0,1.0625
217,1118,Byron Leftwich,QB,77,241,4.85,34.79401408450704,18.89873417721519,118.64737793851718,7.002360801781737,4.244398249452954,2003,LeftBy00,27.0,Jacksonville Jaguars,1.0,7.0,10.666666666666666
218,1122,Brandon Lloyd,WR,72,184,4.62,36.0,18.89873417721519,118.64737793851718,7.002360801781737,4.244398249452954,2003,LloyBr00,12.0,San Francisco 49ers,4.0,124.0,2.1875
220,1130,Adrian Madise,WR,71,215,4.49,32.0,18.89873417721519,119.0,7.32,4.26,2003,MadiAd00,0.0,Denver Broncos,5.0,158.0,0.18181818181818182
221,1144,Shaun McDonald,WR,68,169,4.43,34.79401408450704,18.89873417721519,118.64737793851718,7.002360801781737,4.244398249452954,2003,McDoSh00,9.0,St. Louis Rams,4.0,106.0,0.875
224,1165,Spencer Nead,TE,76,259,4.86,28.5,19.0,102.0,7.37,4.34,2003,NeadSp00,0.0,New England Patriots,7.0,234.0,0.1
226,1185,Artose Pinner,RB,70,229,4.68,34.79401408450704,18.89873417721519,118.64737793851718,7.002360801781737,4.244398249452954,2003,PinnAr00,7.0,Detroit Lions,4.0,99.0,4.666666666666667
227,1190,Dave Ragone,QB,76,249,4.99,30.5,18.89873417721519,101.0,7.42,4.36,2003,RagoDa00,1.0,Houston Texans,3.0,88.0,4.0
228,1196,Charles Rogers,WR,74,202,4.4,34.79401408450704,18.89873417721519,118.64737793851718,7.002360801781737,4.244398249452954,2003,RogeCh01,4.0,Detroit Lions,1.0,2.0,8.8
229,1213,Mike Seidman,TE,76,261,4.8,34.79401408450704,20.0,118.64737793851718,7.002360801781737,4.244398249452954,2003,SeidMi00,1.0,Carolina Panthers,3.0,76.0,0.3333333333333333
230,1216,Visanthe Shiancoe,TE,76,251,4.65,39.5,28.0,120.0,7.09,4.31,2003,ShiaVi00,1.0,New York Giants,3.0,91.0,1.125
232,1220,L.J. Smith,TE,75,258,4.62,37.0,26.0,122.0,6.74,4.25,2003,SmitL.00,13.0,Philadelphia Eagles,2.0,61.0,2.533333333333333
233,1221,Musa Smith,RB,73,232,4.45,35.5,18.89873417721519,123.0,7.002360801781737,4.244398249452954,2003,SmitMu00,1.0,Baltimore Ravens,3.0,77.0,1.3636363636363635
234,1222,Onterrio Smith,RB,70,220,4.48,34.79401408450704,19.0,118.64737793851718,7.002360801781737,4.244398249452954,2003,SmitOn00,14.0,Minnesota Vikings,4.0,105.0,6.866666666666666
236,1233,Lee Suggs,RB,72,202,4.44,34.79401408450704,18.89873417721519,118.64737793851718,7.002360801781737,4.244398249452954,2003,SuggLe00,8.0,Cleveland Browns,4.0,115.0,5.857142857142857
237,1242,LaBrandon Toefield,RB,71,233,4.6,34.79401408450704,19.0,118.64737793851718,7.002360801781737,4.244398249452954,2003,ToefLa00,5.0,Jacksonville Jaguars,4.0,132.0,3.1875
239,1249,Bobby Wade,WR,70,193,4.66,34.5,18.89873417721519,115.0,7.01,4.11,2003,WadeBo00,6.0,Chicago Bears,5.0,139.0,1.25
240,1250,Aaron Walker,TE,78,252,4.72,33.5,24.0,115.0,7.57,4.3,2003,WalkAa00,3.0,San Francisco 49ers,5.0,161.0,1.125
242,1259,Kelley Washington,WR,74,223,4.42,34.79401408450704,18.89873417721519,118.64737793851718,7.002360801781737,4.244398249452954,2003,WashKe00,7.0,Cincinnati Bengals,3.0,65.0,3.375
243,1270,Domanick Williams,RB,69,213,4.63,32.5,22.0,112.0,7.32,4.47,2003,DaviDo01,34.0,Houston Texans,4.0,101.0,13.285714285714286
244,1274,Jason Witten,TE,78,264,4.65,31.0,25.0,118.64737793851718,7.002360801781737,4.244398249452954,2003,WittJa00,18.0,Dallas Cowboys,3.0,69.0,2.7333333333333334
245,1277,George Wrighster,TE,74,249,4.89,34.5,16.0,115.0,7.24,4.244398249452954,2003,WrigGe00,3.0,Jacksonville Jaguars,4.0,104.0,1.8
248,1289,Courtney Anderson,TE,78,269,4.89,30.0,17.0,106.0,7.86,4.45,2004,AndeCo00,5.0,Oakland Raiders,7.0,245.0,2.6666666666666665
249,1297,Tatum Bell,RB,71,212,4.37,38.5,25.0,117.0,7.002360801781737,4.244398249452954,2004,BellTa00,19.0,Denver Broncos,2.0,41.0,4.714285714285714
250,1299,Bernard Berrian,WR,73,183,4.58,38.0,18.89873417721519,128.0,7.34,4.18,2004,BerrBe00,10.0,Chicago Bears,3.0,78.0,2.3125
252,1330,Michael Clayton,WR,75,209,4.67,32.5,18.89873417721519,116.0,6.77,4.09,2004,ClayMi00,15.0,Tampa Bay Buccaneers,1.0,15.0,10.25
253,1331,Cedric Cobbs,RB,72,223,4.75,40.0,18.89873417721519,123.0,7.002360801781737,4.244398249452954,2004,CobbCe00,0.0,New England Patriots,4.0,128.0,1.6666666666666667
254,1333,Keary Colbert,WR,73,207,4.6,30.0,18.89873417721519,118.64737793851718,7.002360801781737,4.244398249452954,2004,ColbKe00,10.0,Carolina Panthers,2.0,62.0,7.133333333333334
255,1337,Chris Cooley,TE,75,265,4.87,33.0,22.0,115.0,7.21,4.19,2004,CoolCh00,16.0,Washington Redskins,3.0,81.0,4.1875
256,1341,Jerricho Cotchery,WR,72,212,4.54,36.0,18.89873417721519,121.0,6.93,3.91,2004,CotcJe00,14.0,New York Jets,4.0,108.0,0.5
257,1348,Devard Darling,WR,73,213,4.52,37.0,18.89873417721519,129.0,7.002360801781737,4.244398249452954,2004,DarlDe00,0.0,Baltimore Ravens,3.0,82.0,0.3333333333333333
260,1364,Tim Euhus,TE,77,260,4.93,34.5,25.0,115.0,6.99,4.13,2004,EuhuTi00,1.0,Buffalo Bills,4.0,109.0,1.8333333333333333
261,1365,Lee Evans,WR,71,197,4.39,34.5,18.89873417721519,120.0,7.002360801781737,4.244398249452954,2004,EvanLe00,28.0,Buffalo Bills,1.0,13.0,9.1875
262,1369,Larry Fitzgerald,WR,75,225,4.48,34.79401408450704,18.89873417721519,118.64737793851718,7.002360801781737,4.244398249452954,2004,FitzLa00,24.0,Arizona Cardinals,1.0,3.0,7.9375
264,1375,Michael Gaines,TE,74,275,5.06,33.0,18.0,109.0,7.44,4.18,2004,GainMi00,3.0,Carolina Panthers,7.0,232.0,0.2
268,1395,Ben Hartsock,TE,76,263,4.8,35.0,23.0,117.0,7.1,3.98,2004,HartBe00,1.0,Indianapolis Colts,3.0,68.0,0.1875
270,1405,Steven Jackson,RB,73,241,4.55,34.79401408450704,18.89873417721519,118.64737793851718,7.002360801781737,4.244398249452954,2004,JackSt00,33.0,St. Louis Rams,1.0,24.0,8.0
271,1407,Michael Jenkins,WR,76,218,4.4,34.79401408450704,18.89873417721519,118.64737793851718,7.002360801781737,4.244398249452954,2004,JenkMi00,11.0,Atlanta Falcons,1.0,29.0,0.75
272,1419,Kevin Jones,RB,72,227,4.38,38.0,18.89873417721519,120.0,7.002360801781737,4.244398249452954,2004,JoneKe02,23.0,Detroit Lions,1.0,30.0,11.133333333333333
273,1420,Julius Jones,RB,70,217,4.47,37.5,18.89873417721519,121.0,6.97,4.12,2004,JoneJu01,24.0,Dallas Cowboys,2.0,43.0,16.875
275,1434,Ryan Krause,WR,74,244,4.6,33.5,18.0,119.0,6.78,4.16,2004,KrauRy00,1.0,San Diego Chargers,6.0,169.0,7.0
276,1435,Craig Krenzel,QB,75,228,4.84,28.0,18.89873417721519,112.0,7.22,4.08,2004,KrenCr00,1.0,Chicago Bears,5.0,148.0,5.5
277,1449,J.P. Losman,QB,74,224,4.73,33.0,18.89873417721519,116.0,7.002360801781737,4.244398249452954,2004,LosmJ.00,14.0,Buffalo Bills,1.0,22.0,0.25
278,1450,Triandos Luke,WR,71,199,4.51,38.0,18.89873417721519,124.0,7.06,4.17,2004,LukeTr00,0.0,Denver Broncos,6.0,171.0,0.5
280,1453,Eli Manning,QB,77,221,4.9,34.79401408450704,18.89873417721519,118.64737793851718,7.002360801781737,4.244398249452954,2004,MannEl00,24.0,San Diego Chargers,1.0,1.0,5.666666666666667
282,1455,Luke McCown,QB,76,208,4.71,37.5,18.89873417721519,125.0,6.74,4.21,2004,McCoLu00,6.0,Cleveland Browns,4.0,106.0,6.2
285,1464,Mewelde Moore,RB,71,209,4.65,35.0,18.89873417721519,118.0,7.05,4.12,2004,MoorMe00,18.0,Minnesota Vikings,4.0,119.0,6.2
286,1466,Clarence Moore,WR,78,211,4.55,34.0,18.89873417721519,122.0,6.84,4.16,2004,MoorCl00,2.0,Baltimore Ravens,6.0,199.0,3.6666666666666665
287,1467,Johnnie Morant,WR,76,229,4.51,41.0,18.89873417721519,130.0,7.34,4.22,2004,MoraJo00,0.0,Oakland Raiders,5.0,134.0,0.5
288,1468,John Navarre,QB,78,246,5.19,26.5,18.89873417721519,100.0,7.73,4.46,2004,NavaJo00,0.0,Arizona Cardinals,7.0,202.0,3.0
289,1477,Samie Parker,WR,70,179,4.39,36.0,18.89873417721519,118.64737793851718,7.002360801781737,4.244398249452954,2004,ParkSa00,12.0,Kansas City Chiefs,4.0,105.0,5.0
291,1483,Chris Perry,RB,72,224,4.56,34.79401408450704,19.0,118.64737793851718,7.002360801781737,4.244398249452954,2004,PerrCh00,7.0,Cincinnati Bengals,1.0,26.0,1.5
292,1487,Cody Pickett,QB,75,233,4.79,30.5,18.89873417721519,109.0,7.19,4.3,2004,PickCo00,1.0,San Francisco 49ers,7.0,217.0,-1.0
293,1504,Philip Rivers,QB,77,229,5.08,34.79401408450704,18.89873417721519,118.64737793851718,7.002360801781737,4.244398249452954,2004,RivePh00,18.0,New York Giants,1.0,4.0,2.5
294,1507,Ben Roethlisberger,QB,77,241,4.75,34.79401408450704,18.89873417721519,118.64737793851718,7.002360801781737,4.244398249452954,2004,RoetBe00,33.0,Pittsburgh Steelers,1.0,11.0,12.214285714285714
297,1516,Matt Schaub,QB,78,243,5.04,30.5,18.89873417721519,110.0,7.65,4.62,2004,SchaMa00,4.0,Atlanta Falcons,3.0,90.0,2.0
298,1534,Jonathan Smith,WR,70,194,4.78,32.5,18.89873417721519,114.0,7.002360801781737,4.35,2004,SmitJo00,2.0,Buffalo Bills,7.0,214.0,0.3333333333333333
301,1554,Jamaar Taylor,WR,73,197,4.46,34.79401408450704,18.89873417721519,118.64737793851718,7.002360801781737,4.244398249452954,2004,TaylJa00,1.0,New York Giants,6.0,168.0,1.75
303,1567,Ben Troupe,TE,76,265,4.65,34.79401408450704,18.89873417721519,118.64737793851718,7.002360801781737,4.244398249452954,2004,TrouBe00,8.0,Tennessee Titans,2.0,40.0,2.7857142857142856
304,1570,Michael Turner,RB,70,237,4.49,31.0,22.0,114.0,7.5,4.15,2004,TurnMi00,10.0,San Diego Chargers,5.0,154.0,0.7857142857142857
306,1584,Darius Watts,WR,73,188,4.5,34.79401408450704,18.89873417721519,118.64737793851718,7.002360801781737,4.244398249452954,2004,WattDa00,4.0,Denver Broncos,2.0,54.0,3.0
307,1588,Ernest Wilford,WR,76,226,4.79,40.5,18.89873417721519,130.0,7.002360801781737,4.17,2004,WilfEr00,15.0,Jacksonville Jaguars,4.0,120.0,2.7333333333333334
308,1595,Reggie Williams,WR,76,229,4.56,34.79401408450704,18.89873417721519,118.64737793851718,7.002360801781737,4.244398249452954,2004,WillRe00,14.0,Jacksonville Jaguars,1.0,9.0,2.3125
309,1596,Roy Williams,WR,74,212,4.48,34.79401408450704,18.89873417721519,118.64737793851718,7.002360801781737,4.244398249452954,2004,WillRo04,24.0,Detroit Lions,1.0,7.0,9.285714285714286
312,1607,Kellen Winslow,TE,76,251,4.55,34.79401408450704,24.0,120.0,7.002360801781737,4.244398249452954,2004,WinsKe01,18.0,Cleveland Browns,1.0,6.0,2.5
313,1609,Rashaun Woods,WR,74,202,4.47,39.0,18.89873417721519,125.0,6.93,3.97,2004,WoodRa00,1.0,San Francisco 49ers,1.0,31.0,1.5714285714285714
315,1622,J.J. Arrington,RB,69,214,4.4,35.0,18.0,121.0,6.81,4.1,2005,ArriJ.00,7.0,Arizona Cardinals,2.0,44.0,4.2
316,1627,Billy Bajema,TE,77,261,4.74,31.5,16.0,113.0,7.05,4.25,2005,BajeBi00,0.0,San Francisco 49ers,7.0,249.0,0.3333333333333333
317,1628,Marion Barber,RB,71,221,4.49,40.0,20.0,127.0,7.002360801781737,4.244398249452954,2005,BarbMa01,23.0,Dallas Cowboys,4.0,109.0,7.3076923076923075
318,1634,Cedric Benson,RB,70,222,4.62,34.79401408450704,18.89873417721519,118.64737793851718,7.002360801781737,4.244398249452954,2005,BensCe00,11.0,Chicago Bears,1.0,4.0,3.111111111111111
319,1643,Mark Bradley,WR,73,201,4.37,39.5,18.89873417721519,128.0,6.96,3.98,2005,BradMa00,5.0,Chicago Bears,2.0,39.0,3.2857142857142856
322,1650,Ronnie Brown,RB,72,233,4.43,34.0,18.0,117.0,7.1,4.08,2005,BrowRo05,22.0,Miami Dolphins,1.0,2.0,9.6
323,1651,Reggie Brown,WR,74,196,4.45,41.5,18.89873417721519,128.0,6.99,3.94,2005,BrowRe01,18.0,Philadelphia Eagles,2.0,35.0,5.125
325,1672,Mark Clayton,WR,70,193,4.41,36.5,18.89873417721519,118.0,6.95,4.07,2005,ClayMa01,16.0,Baltimore Ravens,1.0,22.0,4.857142857142857
330,1702,Joel Dreessen,TE,76,260,4.72,36.0,22.0,113.0,7.09,4.01,2005,DreeJo00,2.0,New York Jets,6.0,198.0,0.2857142857142857
331,1707,Braylon Edwards,WR,75,211,4.45,34.79401408450704,18.89873417721519,118.64737793851718,7.002360801781737,4.244398249452954,2005,EdwaBr00,23.0,Cleveland Browns,1.0,3.0,6.9
333,1716,Ciatrick Fason,RB,73,207,4.58,34.79401408450704,18.89873417721519,118.64737793851718,7.002360801781737,4.244398249452954,2005,FasoCi00,1.0,Minnesota Vikings,4.0,112.0,2.3076923076923075
334,1721,Ryan Fitzpatrick,QB,74,232,4.86,30.5,18.89873417721519,105.0,7.09,4.07,2005,FitzRy00,3.0,St. Louis Rams,7.0,250.0,12.25
335,1728,Charlie Frye,QB,76,225,4.79,33.0,18.89873417721519,113.0,6.94,4.08,2005,FryeCh00,7.0,Cleveland Browns,3.0,67.0,8.285714285714286
338,1739,Frank Gore,RB,69,217,4.58,34.79401408450704,18.89873417721519,118.64737793851718,7.002360801781737,4.244398249452954,2005,GoreFr00,29.0,San Francisco 49ers,3.0,65.0,6.571428571428571
341,1761,Noah Herron,RB,71,224,4.6,31.0,17.0,108.0,6.95,3.97,2005,HerrNo00,3.0,Pittsburgh Steelers,7.0,244.0,3.4285714285714284
342,1771,Cedric Houston,RB,71,225,4.61,34.79401408450704,18.89873417721519,118.64737793851718,7.002360801781737,4.244398249452954,2005,HousCe00,5.0,New York Jets,6.0,182.0,4.083333333333333
343,1776,Vincent Jackson,WR,77,241,4.46,39.0,18.89873417721519,118.64737793851718,7.002360801781737,4.244398249452954,2005,JackVi00,15.0,San Diego Chargers,2.0,61.0,0.75
345,1779,Brandon Jacobs,RB,76,267,4.56,37.0,19.0,118.0,7.53,4.46,2005,JacoBr00,15.0,New York Giants,4.0,110.0,3.25
347,1789,Brandon Jones,WR,73,210,4.42,37.0,18.89873417721519,114.0,7.03,4.08,2005,JoneBr02,8.0,Tennessee Titans,3.0,96.0,4.2
350,1810,Rasheed Marshall,WR,72,185,4.51,38.0,18.89873417721519,121.0,6.81,3.95,2005,MarsRa00,0.0,San Francisco 49ers,5.0,174.0,-0.08333333333333333
351,1811,Jerome Mathis,WR,71,181,4.28,35.5,18.89873417721519,123.0,7.002360801781737,4.244398249452954,2005,MathJe00,4.0,Houston Texans,4.0,114.0,1.0833333333333333
353,1826,Heath Miller,TE,77,256,4.79,34.79401408450704,18.89873417721519,118.64737793851718,7.002360801781737,4.244398249452954,2005,MillHe00,14.0,Pittsburgh Steelers,1.0,30.0,5.125
354,1828,Ryan Moats,RB,68,210,4.46,36.0,19.0,117.0,7.22,4.1,2005,MoatRy00,3.0,Philadelphia Eagles,3.0,77.0,6.714285714285714
355,1832,Vernand Morency,RB,70,212,4.66,33.5,19.0,108.0,7.02,4.12,2005,MoreVe00,8.0,Houston Texans,3.0,73.0,3.25
356,1837,Terrence Murphy,WR,73,202,4.39,34.79401408450704,18.89873417721519,118.64737793851718,7.002360801781737,4.244398249452954,2005,MurpTe00,0.0,Green Bay Packers,2.0,58.0,1.3333333333333333
357,1846,Dan Orlovsky,QB,77,225,4.93,29.5,18.89873417721519,107.0,7.33,4.39,2005,OrloDa00,4.0,Detroit Lions,5.0,145.0,1.5
358,1847,Kyle Orton,QB,76,233,5.06,26.5,18.89873417721519,118.64737793851718,7.38,4.52,2005,OrtoKy00,12.0,Chicago Bears,4.0,106.0,5.933333333333334
360,1850,Roscoe Parrish,WR,70,168,4.37,34.79401408450704,18.89873417721519,118.64737793851718,7.002360801781737,4.244398249452954,2005,ParrRo00,9.0,Buffalo Bills,2.0,55.0,2.1
361,1855,Alvin Pearman,RB,69,208,4.63,34.0,24.0,114.0,7.06,4.08,2005,PearAl00,5.0,Jacksonville Jaguars,4.0,127.0,2.8125
362,1858,Tab Perry,WR,74,229,4.46,34.0,18.89873417721519,116.0,7.0,4.244398249452954,2005,PerrTa00,1.0,Cincinnati Bengals,6.0,190.0,0.9375
363,1880,Courtney Roby,WR,72,189,4.41,36.5,18.89873417721519,126.0,6.6,3.94,2005,RobyCo00,2.0,Tennessee Titans,3.0,68.0,2.8461538461538463
364,1881,Aaron Rodgers,QB,74,223,4.71,34.5,18.89873417721519,110.0,7.38,4.244398249452954,2005,RodgAa00,1.0,Green Bay Packers,1.0,24.0,0.3333333333333333
366,1890,Bo Scaife,TE,75,249,4.75,32.5,24.0,114.0,7.21,4.12,2005,ScaiBo00,10.0,Tennessee Titans,6.0,179.0,2.4375
369,1899,Alex Smith,TE,76,258,4.88,34.79401408450704,28.0,118.64737793851718,7.002360801781737,4.244398249452954,2005,SmitAl02,9.0,Tampa Bay Buccaneers,3.0,71.0,3.0
370,1903,Darren Sproles,RB,66,187,4.47,33.0,23.0,105.0,6.96,3.96,2005,SproDa00,13.0,San Diego Chargers,4.0,130.0,0.4
374,1933,Roddy White,WR,73,207,4.46,34.79401408450704,18.89873417721519,118.64737793851718,7.002360801781737,4.244398249452954,2005,WhitRo00,19.0,Atlanta Falcons,1.0,27.0,4.0
375,1937,Cadillac Williams,RB,71,217,4.43,35.5,19.0,118.0,6.94,4.15,2005,WillCa02,14.0,Tampa Bay Buccaneers,1.0,5.0,11.571428571428571
376,1940,Mike Williams,WR,77,229,4.56,36.5,18.89873417721519,118.64737793851718,7.002360801781737,4.244398249452954,2005,WillMi03,5.0,Detroit Lions,1.0,10.0,2.9285714285714284
377,1941,Troy Williamson,WR,73,203,4.32,34.79401408450704,18.89873417721519,118.64737793851718,6.99,4.244398249452954,2005,WillTr01,8.0,Minnesota Vikings,1.0,7.0,3.7142857142857144
378,1950,Joseph Addai,RB,71,214,4.4,38.5,18.0,125.0,7.09,4.47,2006,AddaJo00,36.0,Indianapolis Colts,1.0,30.0,11.8125
379,1957,David Anderson,WR,70,192,4.57,34.0,18.89873417721519,116.0,6.88,4.2,2006,AndeDa01,3.0,Houston Texans,7.0,251.0,0.3333333333333333
381,1961,Jason Avant,WR,72,212,4.62,37.0,20.0,118.0,7.002360801781737,4.244398249452954,2006,AvanJa00,6.0,Philadelphia Eagles,4.0,109.0,1.625
382,1984,Reggie Bush,RB,71,201,4.37,34.79401408450704,18.89873417721519,118.64737793851718,7.002360801781737,4.244398249452954,2006,BushRe00,30.0,New Orleans Saints,1.0,2.0,11.0625
383,1987,Dominique Byrd,TE,75,255,4.79,34.79401408450704,18.89873417721519,118.64737793851718,7.002360801781737,4.244398249452954,2006,ByrdDo00,0.0,St. Louis Rams,3.0,93.0,2.0
384,1988,Brian Calhoun,RB,69,201,4.57,31.5,18.0,124.0,7.05,4.2,2006,CalhBr00,1.0,Detroit Lions,3.0,74.0,0.5714285714285714
385,1993,Kellen Clemens,QB,74,224,4.89,34.79401408450704,18.89873417721519,118.64737793851718,7.002360801781737,4.244398249452954,2006,ClemKe00,3.0,New York Jets,2.0,49.0,0.5
386,1996,Marques Colston,WR,77,224,4.5,37.0,16.0,123.0,6.94,4.43,2006,ColsMa00,28.0,New Orleans Saints,7.0,252.0,10.857142857142858
387,1999,Brodie Croyle,QB,74,205,4.88,30.5,18.89873417721519,104.0,7.34,4.25,2006,CroyBr00,1.0,Kansas City Chiefs,3.0,85.0,-1.5
388,2000,Jay Cutler,QB,75,226,4.77,34.79401408450704,23.0,118.64737793851718,7.1,4.26,2006,CutlJa00,30.0,Denver Broncos,1.0,11.0,13.6
390,2002,Owen Daniels,TE,75,253,4.65,34.5,23.0,114.0,6.87,4.1,2006,DaniOw00,18.0,Houston Texans,4.0,98.0,4.642857142857143
391,2003,Vernon Davis,TE,75,254,4.38,42.0,33.0,128.0,7.0,4.17,2006,DaviVe00,9.0,San Francisco 49ers,1.0,6.0,4.5
393,2020,Anthony Fasano,TE,76,259,4.72,33.5,19.0,112.0,6.94,4.34,2006,FasaAn00,7.0,Dallas Cowboys,2.0,53.0,0.8125
395,2029,Bruce Gradkowski,QB,73,217,4.59,34.0,18.89873417721519,107.0,7.12,4.16,2006,GradBr00,3.0,Tampa Bay Buccaneers,6.0,194.0,7.769230769230769
397,2035,Derek Hagan,WR,74,208,4.45,36.0,18.89873417721519,124.0,7.002360801781737,4.07,2006,HagaDe00,5.0,Miami Dolphins,3.0,82.0,1.75
399,2045,Jerome Harrison,RB,69,201,4.47,34.5,19.0,124.0,6.77,4.07,2006,HarrJe00,4.0,Cleveland Browns,5.0,145.0,1.1
402,2059,Santonio Holmes,WR,71,188,4.35,34.79401408450704,18.89873417721519,118.64737793851718,7.002360801781737,4.244398249452954,2006,HolmSa00,26.0,Pittsburgh Steelers,1.0,25.0,6.0
404,2070,Tarvaris Jackson,QB,74,226,4.69,31.5,22.0,107.0,7.4,4.38,2006,JackTa00,11.0,Minnesota Vikings,2.0,64.0,8.25
405,2073,Chad Jackson,WR,73,213,4.32,38.5,18.89873417721519,122.0,6.73,3.97,2006,JackCh00,2.0,New England Patriots,2.0,36.0,2.9166666666666665
407,2079,Greg Jennings,WR,71,197,4.42,36.5,18.89873417721519,117.0,6.68,4.16,2006,JennGr00,26.0,Green Bay Packers,2.0,52.0,5.785714285714286
409,2083,Maurice Jones-Drew,RB,67,207,4.39,36.0,18.0,116.0,7.08,4.38,2006,DrewMa00,36.0,Jacksonville Jaguars,2.0,60.0,14.25
410,2090,Jeff King,TE,77,245,4.83,32.5,21.0,109.0,6.99,4.09,2006,KingJe00,5.0,Carolina Panthers,5.0,155.0,0.5
411,2093,Joe Klopfenstein,TE,78,255,4.63,36.0,27.0,112.0,7.39,4.21,2006,KlopJo00,3.0,St. Louis Rams,2.0,46.0,1.8125
412,2101,Matt Leinart,QB,77,223,4.9,34.79401408450704,18.89873417721519,118.64737793851718,7.002360801781737,4.244398249452954,2006,LeinMa00,11.0,Arizona Cardinals,1.0,10.0,11.583333333333334
413,2102,Marcedes Lewis,TE,78,261,4.8,37.0,23.0,118.0,7.24,4.82,2006,LewiMa00,10.0,Jacksonville Jaguars,1.0,28.0,1.2666666666666666
414,2107,Wali Lundy,RB,71,214,4.48,35.0,18.0,111.0,6.99,4.36,2006,LundWa00,5.0,Houston Texans,6.0,170.0,6.714285714285714
415,2114,Laurence Maroney,RB,72,217,4.48,34.79401408450704,18.89873417721519,118.64737793851718,7.002360801781737,4.244398249452954,2006,MaroLa00,19.0,New England Patriots,1.0,21.0,9.714285714285714
417,2118,Ingle Martin,QB,74,220,4.71,36.0,18.89873417721519,111.0,7.13,4.17,2006,MartIn00,0.0,Green Bay Packers,5.0,148.0,-1.0
419,2129,Reggie McNeal,QB,74,198,4.4,32.0,18.89873417721519,121.0,6.96,4.25,2006,McNeRe00,0.0,Cincinnati Bengals,6.0,193.0,0.14285714285714285
420,2142,Sinorice Moss,WR,68,185,4.38,34.79401408450704,18.89873417721519,118.64737793851718,7.002360801781737,4.244398249452954,2006,MossSi00,4.0,New York Giants,2.0,44.0,0.5
421,2152,Jerious Norwood,RB,72,210,4.4,36.5,15.0,122.0,6.81,4.25,2006,NorwJe00,17.0,Atlanta Falcons,3.0,79.0,6.142857142857143
425,2176,Leonard Pope,TE,80,258,4.62,37.5,22.0,118.0,7.47,4.67,2006,PopeLe00,4.0,Arizona Cardinals,3.0,72.0,1.0
427,2184,Michael Robinson,WR,73,227,4.57,34.79401408450704,18.89873417721519,118.64737793851718,7.002360801781737,4.244398249452954,2006,RobiMi00,4.0,San Francisco 49ers,4.0,100.0,1.75
429,2195,Tony Scheffler,TE,77,254,4.54,33.5,17.0,115.0,6.81,4.01,2006,ScheTo00,14.0,Denver Broncos,2.0,61.0,4.076923076923077
431,2207,Brad Smith,WR,74,213,4.46,39.5,18.89873417721519,128.0,7.0,4.33,2006,SmitBr01,6.0,New York Jets,4.0,103.0,1.0
432,2219,Maurice Stovall,WR,76,217,4.57,35.0,18.89873417721519,122.0,6.81,4.14,2006,StovMa00,2.0,Tampa Bay Buccaneers,3.0,90.0,1.4444444444444444
433,2222,Quinn Sypniewski,TE,78,268,4.77,32.5,20.0,114.0,7.09,4.52,2006,SypnQu00,2.0,Baltimore Ravens,5.0,166.0,0.125
434,2227,David Thomas,TE,75,252,4.67,37.5,19.0,113.0,7.05,4.34,2006,ThomDa02,3.0,New England Patriots,3.0,86.0,1.4666666666666666
435,2241,Leon Washington,RB,68,201,4.42,32.5,17.0,105.0,6.94,4.37,2006,WashLe00,22.0,New York Jets,4.0,117.0,7.25
437,2247,Jeff Webb,WR,74,211,4.4,37.0,18.89873417721519,126.0,6.81,4.08,2006,WebbJe00,2.0,Kansas City Chiefs,6.0,190.0,0.2
438,2250,LenDale White,RB,72,238,4.49,34.79401408450704,18.89873417721519,118.64737793851718,7.002360801781737,4.244398249452954,2006,WhitLe01,13.0,Tennessee Titans,2.0,45.0,2.3076923076923075
439,2252,Charlie Whitehurst,QB,77,223,4.75,33.0,18.89873417721519,112.0,7.0,4.11,2006,WhitCh02,3.0,San Diego Chargers,3.0,81.0,3.5
441,2258,DeAngelo Williams,RB,69,214,4.45,35.5,25.0,121.0,7.002360801781737,4.244398249452954,2006,WillDe02,24.0,Carolina Panthers,1.0,27.0,7.153846153846154
442,2259,Demetrius Williams,WR,74,197,4.52,38.0,18.89873417721519,127.0,6.84,4.08,2006,WillDe03,8.0,Baltimore Ravens,4.0,111.0,3.25
444,2265,Travis Wilson,WR,74,214,4.47,36.5,18.89873417721519,120.0,6.7,3.99,2006,WilsTr00,0.0,Cleveland Browns,3.0,78.0,0.75
445,2273,Vince Young,QB,77,229,4.48,34.79401408450704,18.89873417721519,118.64737793851718,7.002360801781737,4.244398249452954,2006,YounVi00,19.0,Tennessee Titans,1.0,3.0,13.933333333333334
446,2285,Aundrae Allison,WR,72,198,4.39,37.0,18.89873417721519,127.0,7.002360801781737,4.244398249452954,2007,AlliAu00,3.0,Minnesota Vikings,5.0,146.0,1.1818181818181819
448,2300,John Beck,QB,74,215,4.75,29.5,18.89873417721519,111.0,6.81,4.17,2007,BeckJo00,4.0,Miami Dolphins,2.0,40.0,6.0
449,2311,Lorenzo Booker,RB,70,191,4.46,35.5,26.0,121.0,7.002360801781737,4.244398249452954,2007,BookLo00,3.0,Miami Dolphins,3.0,71.0,5.142857142857143
450,2312,Kevin Boss,TE,78,252,4.78,35.0,18.89873417721519,116.0,6.96,4.41,2007,BossKe00,10.0,New York Giants,5.0,153.0,1.8461538461538463
451,2313,Dwayne Bowe,WR,74,221,4.51,33.0,18.89873417721519,125.0,6.81,4.35,2007,BoweDw00,19.0,Kansas City Chiefs,1.0,23.0,8.125
452,2316,Ahmad Bradshaw,RB,69,198,4.55,34.0,18.89873417721519,112.0,6.7,4.09,2007,BradAh00,11.0,New York Giants,7.0,250.0,2.1666666666666665
453,2318,Steve Breaston,WR,72,193,4.46,33.0,18.89873417721519,124.0,6.9,4.29,2007,BreaSt00,18.0,Arizona Cardinals,5.0,142.0,0.625
457,2349,Kenneth Darby,RB,70,211,4.75,30.0,19.0,108.0,7.25,4.53,2007,DarbKe00,3.0,Tampa Bay Buccaneers,7.0,246.0,3.0
458,2351,Chris Davis,WR,70,181,4.5,35.5,18.89873417721519,115.0,6.66,4.14,2007,DaviCh02,0.0,Tennessee Titans,4.0,128.0,0.5
460,2361,Trent Edwards,QB,76,231,4.76,34.79401408450704,19.0,118.64737793851718,7.14,4.46,2007,EdwaTr01,16.0,Buffalo Bills,3.0,92.0,8.2
461,2367,Yamon Figurs,WR,71,174,4.3,34.79401408450704,18.89873417721519,123.0,6.85,4.21,2007,FiguYa00,2.0,Baltimore Ravens,3.0,74.0,0.2857142857142857
463,2378,Ted Ginn,WR,71,178,4.38,34.79401408450704,18.89873417721519,118.64737793851718,7.002360801781737,4.244398249452954,2007,GinnTe00,18.0,Miami Dolphins,1.0,9.0,3.375
464,2380,Anthony Gonzalez,WR,72,193,4.44,38.0,18.89873417721519,123.0,6.54,4.08,2007,GonzAn00,15.0,Indianapolis Colts,1.0,32.0,5.846153846153846
466,2398,Chris Henry,RB,71,230,4.4,36.0,26.0,127.0,6.96,4.14,2007,HenrCh01,1.0,Tennessee Titans,2.0,50.0,4.142857142857143
467,2402,Johnnie Lee Higgins,WR,71,186,4.48,36.5,18.89873417721519,122.0,6.62,4.32,2007,HiggJo00,8.0,Oakland Raiders,3.0,99.0,0.3125
468,2403,Jason Hill,WR,72,204,4.32,37.0,18.89873417721519,123.0,7.02,4.22,2007,HillJa00,4.0,San Francisco 49ers,3.0,76.0,0.2
470,2408,Tony Hunt,RB,74,233,4.68,34.79401408450704,24.0,118.64737793851718,7.002360801781737,4.244398249452954,2007,HuntTo01,0.0,Philadelphia Eagles,3.0,90.0,1.0
473,2416,Brandon Jackson,RB,70,210,4.54,37.0,21.0,122.0,7.0,4.14,2007,JackBr00,9.0,Green Bay Packers,2.0,63.0,4.181818181818182
474,2418,Dwayne Jarrett,WR,76,219,4.62,34.79401408450704,18.89873417721519,118.64737793851718,7.002360801781737,4.244398249452954,2007,JarrDw00,4.0,Carolina Panthers,2.0,45.0,1.1428571428571428
475,2422,Calvin Johnson,WR,77,239,4.35,34.79401408450704,18.89873417721519,118.64737793851718,7.002360801781737,4.244398249452954,2007,JohnCa00,23.0,Detroit Lions,1.0,2.0,7.4
476,2426,James Jones,WR,73,207,4.54,34.0,22.0,119.0,7.06,4.2,2007,JoneJa04,14.0,Green Bay Packers,3.0,78.0,5.0
477,2427,Jacoby Jones,WR,75,210,4.5,34.0,18.89873417721519,129.0,7.03,4.31,2007,JoneJa03,9.0,Houston Texans,3.0,73.0,1.0714285714285714
480,2439,Brian Leonard,RB,73,226,4.52,34.5,28.0,122.0,6.88,4.22,2007,LeonBr00,5.0,St. Louis Rams,2.0,52.0,3.0625
481,2442,Marshawn Lynch,RB,71,215,4.46,35.5,20.0,125.0,7.05,4.55,2007,LyncMa00,21.0,Buffalo Bills,1.0,12.0,13.692307692307692
483,2459,Zach Miller,TE,76,256,4.87,34.0,18.89873417721519,115.0,7.01,4.42,2007,MillZa01,15.0,Oakland Raiders,2.0,38.0,3.875
484,2460,Martrez Milner,TE,76,252,4.79,34.0,19.0,117.0,7.35,4.49,2007,MilnMa00,0.0,Atlanta Falcons,4.0,133.0,0.625
485,2469,Legedu Naanee,WR,74,225,4.41,40.0,19.0,119.0,7.002360801781737,4.244398249452954,2007,NaanLe00,5.0,San Diego Chargers,5.0,172.0,0.5384615384615384
486,2481,Greg Olsen,TE,78,254,4.51,35.5,23.0,114.0,7.04,4.48,2007,OlseGr00,13.0,Chicago Bears,1.0,31.0,3.7857142857142856
488,2487,Ben Patrick,TE,75,252,4.74,34.5,18.89873417721519,111.0,7.21,4.31,2007,PatrBe00,3.0,Arizona Cardinals,7.0,215.0,2.375
489,2491,Adrian Peterson,RB,73,217,4.4,38.5,18.89873417721519,127.0,7.09,4.4,2007,PeteAd01,40.0,Minnesota Vikings,1.0,7.0,7.1875
490,2497,Antonio Pittman,RB,71,207,4.4,35.5,16.0,123.0,6.84,4.16,2007,PittAn00,3.0,New Orleans Saints,4.0,107.0,1.3636363636363635
491,2501,Brady Quinn,QB,76,232,4.73,34.79401408450704,24.0,118.64737793851718,7.002360801781737,4.244398249452954,2007,QuinBr00,3.0,Cleveland Browns,1.0,22.0,2.0
492,2507,Sidney Rice,WR,75,200,4.51,39.5,18.89873417721519,119.0,7.09,4.34,2007,RiceSi01,19.0,Minnesota Vikings,2.0,44.0,5.153846153846154
493,2509,Ryne Robinson,WR,69,179,4.47,35.0,18.89873417721519,123.0,6.71,4.21,2007,RobiRy00,0.0,Carolina Panthers,4.0,118.0,0.25
494,2510,Laurent Robinson,WR,74,199,4.38,39.0,19.0,127.0,6.83,4.28,2007,RobiLa01,5.0,Atlanta Falcons,3.0,75.0,3.3333333333333335
495,2513,Dante Rosario,TE,75,244,4.78,36.0,20.0,115.0,6.96,4.47,2007,RosaDa00,6.0,Carolina Panthers,5.0,155.0,1.4375
497,2518,JaMarcus Russell,QB,77,265,4.83,34.79401408450704,18.89873417721519,118.64737793851718,7.002360801781737,4.244398249452954,2007,RussJa00,6.0,Oakland Raiders,1.0,1.0,4.25
499,2537,Kolby Smith,RB,71,220,4.5,38.0,18.0,114.0,7.22,4.34,2007,SmitKo00,4.0,Kansas City Chiefs,5.0,148.0,4.25
501,2540,Troy Smith,QB,72,225,4.72,34.79401408450704,18.89873417721519,118.64737793851718,7.002360801781737,4.244398249452954,2007,SmitTr02,2.0,Baltimore Ravens,5.0,174.0,9.25
502,2543,Matt Spaeth,TE,79,270,4.83,34.79401408450704,18.89873417721519,118.64737793851718,7.002360801781737,4.244398249452954,2007,SpaeMa00,1.0,Pittsburgh Steelers,3.0,77.0,1.5
507,2558,Courtney Taylor,WR,74,204,4.5,36.0,18.89873417721519,122.0,7.22,4.28,2007,TaylCo00,1.0,Seattle Seahawks,6.0,197.0,0.5
510,2589,Garrett Wolfe,RB,67,186,4.39,35.5,22.0,116.0,6.69,4.08,2007,WolfGa00,2.0,Chicago Bears,3.0,93.0,1.5384615384615385
511,2593,Dwayne Wright,RB,71,228,4.66,34.0,14.0,115.0,7.23,4.43,2007,WrigDw01,1.0,Buffalo Bills,4.0,111.0,0.7333333333333333
512,2596,DeShawn Wynn,RB,70,232,4.47,31.5,18.89873417721519,115.0,7.002360801781737,4.244398249452954,2007,WynnDe00,3.0,Green Bay Packers,7.0,228.0,7.428571428571429
515,2610,Donnie Avery,WR,71,192,4.43,34.79401408450704,16.0,118.64737793851718,7.002360801781737,4.244398249452954,2008,AverDo00,9.0,St. Louis Rams,2.0,33.0,6.533333333333333
517,2620,Martellus Bennett,TE,78,259,4.68,34.0,18.0,118.0,7.64,4.53,2008,BennMa00,5.0,Dallas Cowboys,2.0,61.0,3.25
524,2650,Keenan Burton,WR,72,201,4.44,38.5,10.0,125.0,6.77,4.2,2008,BurtKe00,3.0,St. Louis Rams,4.0,128.0,1.8461538461538463
525,2652,Andre Caldwell,WR,72,204,4.35,33.0,18.89873417721519,124.0,6.75,4.11,2008,CaldAn00,8.0,Cincinnati Bengals,3.0,97.0,1.8571428571428572
526,2655,John Carlson,TE,77,251,4.88,30.5,20.0,113.0,7.12,4.28,2008,CarlJo00,12.0,Seattle Seahawks,2.0,38.0,5.8125
527,2660,Jamaal Charles,RB,71,200,4.38,30.5,18.89873417721519,122.0,6.8,4.22,2008,CharJa00,30.0,Kansas City Chiefs,3.0,73.0,4.3125
528,2662,Tashard Choice,RB,70,215,4.48,34.0,20.0,119.0,6.88,4.244398249452954,2008,ChoiTa00,10.0,Dallas Cowboys,4.0,122.0,4.875
529,2669,Brad Cottam,TE,79,270,4.63,33.0,24.0,118.64737793851718,7.002360801781737,4.244398249452954,2008,CottBr00,2.0,Kansas City Chiefs,3.0,76.0,0.375
531,2675,Fred Davis,TE,75,255,4.68,34.79401408450704,24.0,118.64737793851718,7.002360801781737,4.244398249452954,2008,DaviFr01,6.0,Washington Redskins,2.0,48.0,0.18181818181818182
533,2686,Early Doucet,WR,72,209,4.59,34.79401408450704,18.89873417721519,118.64737793851718,7.002360801781737,4.244398249452954,2008,DoucEa00,5.0,Arizona Cardinals,3.0,81.0,1.2857142857142858
534,2687,Harry Douglas,WR,71,176,4.51,31.0,18.89873417721519,120.0,6.57,4.12,2008,DougHa00,13.0,Atlanta Falcons,3.0,84.0,3.1875
535,2697,Derek Fine,TE,75,251,4.83,29.0,24.0,115.0,6.8,4.19,2008,FineDe00,2.0,Buffalo Bills,4.0,132.0,1.5
536,2699,Jermichael Finley,TE,76,243,4.82,27.5,20.0,117.0,7.15,4.38,2008,FinlJe00,11.0,Green Bay Packers,3.0,91.0,0.9285714285714286
537,2700,Joe Flacco,QB,78,236,4.84,28.5,18.89873417721519,110.0,6.82,4.27,2008,FlacJo00,36.0,Baltimore Ravens,1.0,18.0,11.6875
538,2703,Matt Flynn,QB,74,231,4.79,28.0,18.89873417721519,109.0,7.21,4.34,2008,FlynMa00,1.0,Green Bay Packers,7.0,209.0,0.14285714285714285
540,2706,Matt Forte,RB,73,217,4.44,33.0,23.0,118.0,6.84,4.23,2008,FortMa00,33.0,Chicago Bears,2.0,44.0,15.25
541,2707,Will Franklin,WR,72,214,4.37,34.5,18.89873417721519,118.64737793851718,7.002360801781737,4.244398249452954,2008,FranWi00,1.0,Kansas City Chiefs,4.0,105.0,0.6153846153846154
542,2708,Pierre Garcon,WR,72,210,4.42,36.5,20.0,125.0,6.9,4.19,2008,GarcPi00,17.0,Indianapolis Colts,6.0,205.0,0.14285714285714285
543,2730,James Hardy,WR,77,217,4.45,31.5,18.0,125.0,6.84,4.2,2008,HardJa00,1.0,Buffalo Bills,2.0,41.0,1.5
545,2734,Mike Hart,RB,69,206,4.69,28.0,23.0,110.0,7.002360801781737,4.244398249452954,2008,HartMi00,3.0,Indianapolis Colts,6.0,202.0,0.6
546,2736,Lavelle Hawkins,WR,71,187,4.57,34.79401408450704,14.0,117.0,7.002360801781737,4.244398249452954,2008,HawkLa00,3.0,Tennessee Titans,4.0,126.0,0.5384615384615384
547,2742,Chad Henne,QB,75,230,4.92,25.5,18.89873417721519,106.0,7.17,4.4,2008,HennCh01,15.0,Miami Dolphins,2.0,57.0,1.0
551,2758,DeSean Jackson,WR,70,169,4.35,34.79401408450704,18.89873417721519,120.0,7.002360801781737,4.244398249452954,2008,JackDe00,34.0,Philadelphia Eagles,2.0,49.0,7.3125
554,2768,Chris Johnson,RB,71,197,4.24,35.0,18.89873417721519,130.0,7.002360801781737,4.244398249452954,2008,JohnCh04,43.0,Tennessee Titans,1.0,24.0,13.933333333333334
555,2770,Felix Jones,RB,70,207,4.44,33.5,18.89873417721519,124.0,6.9,4.19,2008,JoneFe00,17.0,Dallas Cowboys,1.0,22.0,7.666666666666667
556,2777,Dustin Keller,TE,74,242,4.53,38.0,26.0,131.0,6.88,4.14,2008,KellDu00,16.0,New York Jets,1.0,30.0,4.5
557,2778,Malcolm Kelly,WR,76,224,4.68,34.79401408450704,18.89873417721519,118.64737793851718,7.002360801781737,4.244398249452954,2008,KellMa01,3.0,Washington Redskins,2.0,51.0,0.4
558,2794,Mario Manningham,WR,72,181,4.59,32.0,16.0,117.0,7.34,4.27,2008,MannMa01,15.0,New York Giants,3.0,95.0,0.14285714285714285
559,2802,Darren McFadden,RB,73,211,4.33,33.0,18.89873417721519,128.0,7.002360801781737,4.244398249452954,2008,McFaDa00,21.0,Oakland Raiders,1.0,4.0,7.846153846153846
560,2808,Rashard Mendenhall,RB,70,225,4.41,33.5,26.0,117.0,7.002360801781737,4.18,2008,MendRa00,20.0,Pittsburgh Steelers,1.0,23.0,2.0
563,2817,Josh Morgan,WR,72,219,4.46,34.79401408450704,18.89873417721519,118.64737793851718,7.002360801781737,4.244398249452954,2008,MorgJo00,13.0,San Francisco 49ers,6.0,174.0,4.166666666666667
564,2821,Jordy Nelson,WR,75,217,4.51,31.0,18.89873417721519,123.0,7.03,4.35,2008,NelsJo00,11.0,Green Bay Packers,2.0,36.0,3.0625
566,2827,Xavier Omon,RB,71,228,4.52,31.0,17.0,112.0,7.002360801781737,4.244398249452954,2008,OmonXa00,0.0,Buffalo Bills,6.0,179.0,0.5
567,2832,Jalen Parmele,RB,71,224,4.47,34.0,19.0,125.0,6.96,4.29,2008,ParmJa00,0.0,Miami Dolphins,6.0,176.0,3.0
569,2847,Ray Rice,RB,68,199,4.42,31.5,23.0,119.0,6.65,4.2,2008,RiceRa00,37.0,Baltimore Ravens,2.0,55.0,5.615384615384615
571,2859,Eddie Royal,WR,70,184,4.39,36.0,24.0,124.0,7.07,4.34,2008,RoyaEd00,19.0,Denver Broncos,2.0,42.0,9.4
572,2861,Martin Rucker,TE,77,251,4.75,34.79401408450704,20.0,118.64737793851718,7.002360801781737,4.244398249452954,2008,RuckMa00,0.0,Cleveland Browns,4.0,111.0,0.4
573,2862,Matt Ryan,QB,77,228,4.89,34.79401408450704,18.89873417721519,118.64737793851718,7.4,4.51,2008,RyanMa00,40.0,Atlanta Falcons,1.0,3.0,12.375
574,2864,Tom Santi,TE,75,250,4.8,36.0,14.0,121.0,7.08,4.27,2008,SantTo00,2.0,Indianapolis Colts,6.0,196.0,2.0
577,2878,Steve Slaton,RB,69,197,4.45,33.5,19.0,118.0,7.002360801781737,4.244398249452954,2008,SlatSt00,20.0,Houston Texans,3.0,89.0,14.125
578,2881,Kevin Smith,RB,73,217,4.53,32.0,18.89873417721519,120.0,6.74,4.49,2008,SmitKe02,15.0,Detroit Lions,3.0,64.0,10.875
580,2889,Craig Stevens,TE,75,254,4.59,27.5,27.0,114.0,7.07,4.31,2008,StevCr00,1.0,Tennessee Titans,3.0,85.0,0.0625
582,2895,Limas Sweed,WR,76,215,4.48,35.0,18.89873417721519,118.64737793851718,7.002360801781737,4.244398249452954,2008,SweeLi00,1.0,Pittsburgh Steelers,2.0,53.0,0.5454545454545454
583,2898,Jacob Tamme,TE,75,236,4.58,30.0,18.0,109.0,6.99,4.27,2008,TammJa00,6.0,Indianapolis Colts,4.0,127.0,0.08333333333333333
584,2900,Devin Thomas,WR,74,216,4.41,28.0,18.89873417721519,126.0,7.15,4.26,2008,ThomDe02,4.0,Washington Redskins,2.0,34.0,1.4375
586,2906,Ryan Torain,RB,72,222,4.61,34.0,21.0,120.0,7.002360801781737,4.244398249452954,2008,ToraRy00,5.0,Denver Broncos,5.0,139.0,6.5
588,2913,Chauncey Washington,RB,71,211,4.45,34.79401408450704,18.89873417721519,118.64737793851718,7.002360801781737,4.244398249452954,2008,WashCh00,0.0,Jacksonville Jaguars,7.0,213.0,0.3333333333333333
590,2937,Ramses Barden,WR,78,229,4.51,33.5,17.0,118.0,7.002360801781737,4.26,2009,BardRa00,2.0,New York Giants,3.0,85.0,0.6666666666666666
591,2941,Travis Beckum,TE,75,243,4.61,34.79401408450704,28.0,118.64737793851718,7.002360801781737,4.244398249452954,2009,BeckTr00,2.0,New York Giants,3.0,100.0,0.4
594,2957,Kenny Britt,WR,75,218,4.47,37.0,23.0,124.0,7.002360801781737,4.47,2009,BritKe00,17.0,Tennessee Titans,1.0,30.0,5.5
595,2962,Donald Brown,RB,70,210,4.46,41.5,18.89873417721519,125.0,6.93,4.1,2009,BrowDo00,14.0,Indianapolis Colts,1.0,27.0,5.7272727272727275
597,2970,Deon Butler,WR,70,182,4.31,34.5,12.0,118.0,7.01,4.48,2009,ButlDe00,4.0,Seattle Seahawks,3.0,91.0,1.125
599,2986,Glen Coffee,RB,72,209,4.5,36.0,24.0,121.0,7.35,4.51,2009,CoffGl00,2.0,San Francisco 49ers,3.0,74.0,2.5714285714285716
601,2988,Austin Collie,WR,73,200,4.53,34.0,17.0,120.0,6.78,4.24,2009,CollAu00,18.0,Indianapolis Colts,4.0,127.0,6.875
602,2991,Jared Cook,TE,77,246,4.49,41.0,23.0,123.0,7.002360801781737,4.244398249452954,2009,CookJa02,11.0,Tennessee Titans,3.0,89.0,0.5
603,2995,Michael Crabtree,WR,73,215,4.54,34.79401408450704,18.89873417721519,118.64737793851718,7.002360801781737,4.244398249452954,2009,CrabMi00,21.0,San Francisco 49ers,1.0,10.0,6.818181818181818
605,3003,James Davis,RB,71,218,4.45,32.0,17.0,109.0,7.15,4.37,2009,DaviJa03,1.0,Cleveland Browns,6.0,195.0,1.0
606,3006,Jarett Dillard,WR,70,191,4.5,42.5,13.0,129.0,7.1,4.41,2009,DillJa00,3.0,Jacksonville Jaguars,5.0,144.0,1.5714285714285714
610,3030,Josh Freeman,QB,78,248,4.9,33.5,18.89873417721519,119.0,7.11,4.43,2009,FreeJo00,24.0,Tampa Bay Buccaneers,1.0,17.0,10.0
611,3036,Brandon Gibson,WR,72,210,4.59,34.79401408450704,18.89873417721519,118.64737793851718,7.002360801781737,4.244398249452954,2009,GibsBr00,9.0,Philadelphia Eagles,6.0,194.0,4.1
612,3039,Mike Goodson,RB,72,208,4.43,39.5,14.0,118.0,6.89,4.22,2009,GoodMi00,4.0,Carolina Panthers,4.0,111.0,0.75
613,3042,Shonn Greene,RB,70,227,4.55,37.0,19.0,121.0,7.1,4.4,2009,GreeSh00,15.0,New York Jets,3.0,65.0,4.714285714285714
615,3053,Brian Hartline,WR,74,195,4.49,34.5,18.89873417721519,120.0,6.65,4.12,2009,HartBr00,14.0,Miami Dolphins,4.0,108.0,4.875
616,3054,Percy Harvin,WR,71,192,4.39,34.79401408450704,19.0,118.64737793851718,7.002360801781737,4.244398249452954,2009,HarvPe00,32.0,Minnesota Vikings,1.0,22.0,8.6
617,3056,Darrius Heyward-Bey,WR,74,210,4.3,38.5,16.0,126.0,6.8,4.18,2009,HeywDa00,13.0,Oakland Raiders,1.0,7.0,1.8181818181818181
618,3059,Anthony Hill,TE,77,262,4.84,30.5,21.0,107.0,7.31,4.56,2009,HillAn00,0.0,Houston Texans,4.0,122.0,0.2
621,3077,Rashad Jennings,RB,73,231,4.52,34.0,29.0,120.0,6.86,4.2,2009,JennRa00,10.0,Jacksonville Jaguars,7.0,250.0,2.4
623,3087,Gartrell Johnson,RB,70,219,4.67,34.0,20.0,114.0,7.002360801781737,4.244398249452954,2009,JohnGa01,0.0,San Diego Chargers,4.0,134.0,0.4
624,3096,Johnny Knox,WR,71,185,4.34,35.0,18.89873417721519,122.0,6.81,4.15,2009,KnoxJo00,20.0,Chicago Bears,5.0,140.0,5.533333333333333
625,3100,Quinten Lawrence,WR,72,184,4.4,34.79401408450704,20.0,118.64737793851718,7.002360801781737,4.244398249452954,2009,LawrQu00,0.0,Kansas City Chiefs,6.0,175.0,0.8333333333333334
626,3110,Jeremy Maclin,WR,72,198,4.43,34.79401408450704,18.89873417721519,118.64737793851718,7.002360801781737,4.244398249452954,2009,MaclJe00,23.0,Philadelphia Eagles,1.0,19.0,6.733333333333333
627,3119,Mohamed Massaquoi,WR,73,210,4.51,36.5,18.89873417721519,127.0,7.002360801781737,4.244398249452954,2009,MassMo00,11.0,Cleveland Browns,2.0,50.0,5.0
628,3127,LeSean McCoy,RB,70,198,4.5,34.79401408450704,18.89873417721519,118.64737793851718,7.002360801781737,4.244398249452954,2009,McCoLe01,32.0,Philadelphia Eagles,2.0,53.0,7.5625
631,3139,Marko Mitchell,WR,76,218,4.43,32.0,9.0,116.0,7.04,4.33,2009,MitcMa00,0.0,Washington Redskins,7.0,243.0,0.3
632,3146,Knowshon Moreno,RB,71,217,4.5,35.5,25.0,115.0,6.84,4.27,2009,MoreKn00,16.0,Denver Broncos,1.0,12.0,10.625
634,3151,Louis Murphy,WR,74,203,4.32,34.79401408450704,12.0,118.64737793851718,7.002360801781737,4.244398249452954,2009,MurpLo00,11.0,Oakland Raiders,4.0,124.0,4.9375
635,3154,Shawn Nelson,TE,77,240,4.52,33.0,19.0,115.0,6.96,4.46,2009,NelsSh00,1.0,Buffalo Bills,4.0,121.0,1.8333333333333333
636,3155,Hakeem Nicks,WR,73,212,4.51,36.0,18.89873417721519,118.64737793851718,7.002360801781737,4.244398249452954,2009,NickHa01,26.0,New York Giants,1.0,29.0,8.285714285714286
637,3158,Chris Ogbonnaya,RB,72,220,4.57,35.0,19.0,111.0,6.85,4.29,2009,OgboCh00,5.0,St. Louis Rams,7.0,211.0,3.5
639,3171,Bear Pascoe,TE,77,251,4.89,26.5,18.89873417721519,107.0,7.65,4.55,2009,PascBe00,2.0,San Francisco 49ers,6.0,184.0,0.25
641,3175,Brandon Pettigrew,TE,77,263,4.8,33.0,22.0,118.0,7.12,4.37,2009,PettBr00,15.0,Detroit Lions,1.0,20.0,4.2727272727272725
642,3177,John Phillips,TE,77,251,4.78,33.5,20.0,112.0,6.84,4.27,2009,PhilJo00,2.0,Dallas Cowboys,6.0,208.0,0.375
644,3188,Javon Ringer,RB,69,205,4.5,34.0,23.0,115.0,6.87,4.11,2009,RingJa00,4.0,Tennessee Titans,5.0,173.0,0.7142857142857143
645,3191,Brian Robiskie,WR,75,209,4.46,37.5,18.89873417721519,118.64737793851718,6.72,4.19,2009,RobiBr00,3.0,Cleveland Browns,2.0,36.0,1.0
646,3193,Mark Sanchez,QB,74,227,4.93,32.5,18.89873417721519,116.0,7.06,4.21,2009,SancMa00,24.0,New York Jets,1.0,5.0,9.2
647,3196,Bernard Scott,RB,70,200,4.44,36.0,21.0,125.0,6.82,4.08,2009,ScotBe00,9.0,Cincinnati Bengals,6.0,209.0,3.0
648,3212,Matthew Stafford,QB,74,225,4.81,30.5,18.89873417721519,107.0,7.06,4.47,2009,StafMa00,21.0,Detroit Lions,1.0,1.0,12.7
649,3213,Sammie Stroughter,WR,69,189,4.45,30.0,13.0,110.0,7.03,4.28,2009,StroSa00,5.0,Tampa Bay Buccaneers,7.0,233.0,3.0
650,3218,Brandon Tate,WR,72,183,4.52,34.79401408450704,18.89873417721519,118.64737793851718,7.002360801781737,4.244398249452954,2009,TateBr00,9.0,New England Patriots,3.0,83.0,0.5
651,3222,Mike Thomas,WR,68,195,4.3,40.5,18.89873417721519,126.0,6.65,4.28,2009,ThomMi01,20.0,Jacksonville Jaguars,4.0,107.0,4.285714285714286
654,3237,Mike Wallace,WR,72,199,4.33,40.0,14.0,129.0,6.9,4.27,2009,WallMi00,28.0,Pittsburgh Steelers,3.0,84.0,7.25
655,3241,Beanie Wells,RB,73,235,4.38,33.5,25.0,128.0,7.002360801781737,4.244398249452954,2009,WellCh00,14.0,Arizona Cardinals,1.0,31.0,8.5
656,3242,Pat White,QB,72,197,4.55,35.0,18.89873417721519,117.0,7.06,4.42,2009,WhitPa01,1.0,Miami Dolphins,2.0,44.0,0.6153846153846154
657,3245,Derrick Williams,WR,71,194,4.47,33.0,15.0,118.64737793851718,7.002360801781737,4.244398249452954,2009,WillDe05,0.0,Detroit Lions,3.0,82.0,0.5454545454545454
658,3249,Javarris Williams,RB,69,223,4.51,33.5,25.0,116.0,7.002360801781737,4.244398249452954,2009,WillJa05,0.0,Kansas City Chiefs,7.0,212.0,0.25
659,3278,Arrelious Benn,WR,73,219,4.57,37.0,20.0,118.0,7.002360801781737,4.244398249452954,2010,BennAr00,7.0,Tampa Bay Buccaneers,2.0,39.0,3.6666666666666665
660,3280,Jahvid Best,RB,70,199,4.34,32.5,18.0,113.0,6.75,4.17,2010,BestJa00,13.0,Detroit Lions,1.0,30.0,8.75
661,3287,Sam Bradford,QB,76,236,4.79,34.79401408450704,18.89873417721519,118.64737793851718,7.002360801781737,4.244398249452954,2010,BradSa00,21.0,St. Louis Rams,1.0,1.0,12.1875
662,3288,Dezmon Briscoe,WR,74,207,4.66,33.0,9.0,115.0,7.1,4.57,2010,BrisDe00,4.0,Cincinnati Bengals,6.0,191.0,7.5
663,3290,Levi Brown,QB,75,229,4.93,31.5,20.0,106.0,7.07,4.43,2010,BrowLe00,0.0,Buffalo Bills,7.0,209.0,-1.0
664,3295,Antonio Brown,WR,70,186,4.56,33.5,13.0,105.0,6.98,4.18,2010,BrowAn04,18.0,Pittsburgh Steelers,6.0,195.0,1.8888888888888888
665,3296,Dez Bryant,WR,74,225,4.52,34.79401408450704,18.89873417721519,118.64737793851718,7.002360801781737,4.244398249452954,2010,BryaDe01,26.0,Dallas Cowboys,1.0,24.0,7.666666666666667
666,3302,Nate Byham,TE,76,268,4.97,29.0,18.89873417721519,109.0,7.002360801781737,4.244398249452954,2010,ByhaNa00,0.0,San Francisco 49ers,6.0,182.0,0.21428571428571427
668,3317,Jimmy Clausen,QB,75,222,4.76,34.79401408450704,18.89873417721519,118.64737793851718,7.002360801781737,4.244398249452954,2010,ClauJi00,1.0,Carolina Panthers,2.0,48.0,4.769230769230769
669,3328,Riley Cooper,WR,75,222,4.53,33.0,18.89873417721519,114.0,7.002360801781737,4.244398249452954,2010,CoopRi00,6.0,Philadelphia Eagles,5.0,159.0,1.3846153846153846
670,3336,Eric Decker,WR,75,217,4.54,34.79401408450704,15.0,118.64737793851718,7.002360801781737,4.244398249452954,2010,DeckEr00,17.0,Denver Broncos,3.0,87.0,1.2142857142857142
672,3339,Ed Dickson,TE,76,249,4.59,34.0,23.0,115.0,7.32,4.59,2010,DickEd00,8.0,Baltimore Ravens,3.0,70.0,1.4
673,3341,Anthony Dixon,RB,73,233,4.67,33.0,15.0,121.0,7.09,4.49,2010,DixoAn00,3.0,San Francisco 49ers,6.0,173.0,2.3125
674,3344,Jim Dray,TE,77,246,4.82,34.79401408450704,17.0,118.64737793851718,7.002360801781737,4.244398249452954,2010,DrayJi00,0.0,Arizona Cardinals,7.0,233.0,0.3125
675,3347,Jonathan Dwyer,RB,71,229,4.64,33.0,15.0,107.0,7.56,4.67,2010,DwyeJo00,6.0,Pittsburgh Steelers,6.0,188.0,3.0
677,3350,Armanti Edwards,WR,71,187,4.41,34.79401408450704,18.89873417721519,118.64737793851718,7.002360801781737,4.244398249452954,2010,EdwaAr00,1.0,Carolina Panthers,3.0,89.0,0.3333333333333333
678,3351,Brody Eldridge,TE,77,261,4.72,31.5,18.89873417721519,118.64737793851718,7.002360801781737,4.244398249452954,2010,EldrBr00,0.0,Indianapolis Colts,5.0,162.0,0.2857142857142857
680,3353,Jacoby Ford,WR,69,186,4.28,33.5,15.0,115.0,7.0,4.44,2010,FordJa01,11.0,Oakland Raiders,4.0,108.0,5.4375
681,3359,Toby Gerhart,RB,72,231,4.5,38.0,22.0,118.0,6.94,4.25,2010,GerhTo00,11.0,Minnesota Vikings,2.0,51.0,3.6666666666666665
682,3360,David Gettis,WR,75,217,4.43,34.5,15.0,124.0,6.94,4.41,2010,GettDa00,3.0,Carolina Panthers,6.0,198.0,4.6
683,3363,Mardy Gilyard,WR,72,187,4.61,39.0,18.89873417721519,116.0,6.92,4.4,2010,GilyMa00,1.0,St. Louis Rams,4.0,99.0,0.5454545454545454
684,3365,Jimmy Graham,TE,78,260,4.53,38.5,18.89873417721519,120.0,6.9,4.45,2010,GrahJi00,24.0,New Orleans Saints,3.0,95.0,4.4
686,3370,Jermaine Gresham,TE,77,261,4.66,35.0,20.0,113.0,7.07,4.53,2010,GresJe00,16.0,Cincinnati Bengals,1.0,21.0,4.866666666666666
687,3374,Rob Gronkowski,TE,78,264,4.68,34.79401408450704,23.0,118.64737793851718,7.002360801781737,4.244398249452954,2010,GronRo00,29.0,New England Patriots,2.0,42.0,7.1875
689,3382,Aaron Hernandez,TE,74,245,4.64,34.79401408450704,18.89873417721519,118.64737793851718,7.002360801781737,4.244398249452954,2010,HernAa00,23.0,New England Patriots,4.0,113.0,6.928571428571429
691,3386,Michael Hoomanawanui,TE,76,264,4.77,34.79401408450704,25.0,118.64737793851718,7.002360801781737,4.244398249452954,2010,HoomMi00,2.0,St. Louis Rams,5.0,132.0,4.125
693,3414,Brandon LaFell,WR,74,211,4.58,36.0,18.89873417721519,115.0,6.81,4.23,2010,LaFeBr00,15.0,Carolina Panthers,3.0,78.0,4.214285714285714
695,3431,Ryan Mathews,RB,72,218,4.37,36.0,19.0,121.0,7.0,4.33,2010,MathRy00,25.0,San Diego Chargers,1.0,12.0,10.333333333333334
696,3437,Dexter McCluster,WR,69,172,4.53,37.5,20.0,118.0,7.002360801781737,4.06,2010,McClDe00,11.0,Kansas City Chiefs,2.0,36.0,3.090909090909091
697,3440,Colt McCoy,QB,73,216,4.79,34.79401408450704,18.89873417721519,114.0,7.002360801781737,4.244398249452954,2010,McCoCo00,10.0,Cleveland Browns,3.0,85.0,11.25
699,3443,Joe McKnight,RB,71,198,4.4,36.5,18.0,120.0,7.002360801781737,4.244398249452954,2010,McKnJo00,6.0,New York Jets,4.0,112.0,2.3333333333333335
701,3454,Carlton Mitchell,WR,75,215,4.46,36.0,16.0,122.0,6.96,4.55,2010,MitcCa00,0.0,Cleveland Browns,6.0,177.0,0.2
702,3456,Tony Moeaki,TE,75,245,4.69,34.0,18.0,113.0,7.1,4.42,2010,MoeaTo00,9.0,Kansas City Chiefs,3.0,93.0,4.933333333333334
703,3482,Tony Pike,QB,78,223,4.9,28.5,18.89873417721519,108.0,7.06,4.53,2010,PikeTo00,0.0,Carolina Panthers,6.0,204.0,2.0
705,3487,Taylor Price,WR,72,204,4.4,37.0,16.0,114.0,6.82,4.34,2010,PricTa00,1.0,New England Patriots,3.0,90.0,4.0
706,3489,Andrew Quarless,TE,76,254,4.68,32.0,23.0,112.0,7.002360801781737,4.244398249452954,2010,QuarAn00,2.0,Green Bay Packers,5.0,154.0,2.3076923076923075
707,3491,David Reed,WR,72,191,4.56,37.0,15.0,114.0,6.95,4.38,2010,ReedDa00,2.0,Baltimore Ravens,5.0,156.0,0.15384615384615385
708,3494,Andre Roberts,WR,71,195,4.4,36.0,15.0,120.0,6.77,4.15,2010,RobeAn00,11.0,Arizona Cardinals,3.0,88.0,2.8666666666666667
710,3502,Emmanuel Sanders,WR,71,186,4.4,39.5,12.0,126.0,6.64,4.1,2010,SandEm00,10.0,Pittsburgh Steelers,3.0,82.0,3.8461538461538463
712,3511,Jordan Shipley,WR,71,193,4.6,36.5,16.0,116.0,7.002360801781737,4.244398249452954,2010,ShipJo00,7.0,Cincinnati Bengals,3.0,84.0,5.2
713,3512,John Skelton,QB,77,243,4.85,33.5,18.89873417721519,108.0,7.17,4.33,2010,SkelJo00,4.0,Arizona Cardinals,5.0,155.0,7.0
714,3519,C.J. Spiller,RB,71,196,4.37,34.79401408450704,18.0,118.64737793851718,7.002360801781737,4.244398249452954,2010,SpilC.00,23.0,Buffalo Bills,1.0,9.0,3.5714285714285716
715,3520,James Starks,RB,74,218,4.5,36.0,15.0,119.0,6.89,4.23,2010,StarJa00,11.0,Green Bay Packers,6.0,193.0,4.0
717,3527,Golden Tate,WR,70,199,4.42,35.0,17.0,120.0,7.12,4.34,2010,TateGo00,13.0,Seattle Seahawks,2.0,60.0,2.090909090909091
718,3529,Tim Tebow,QB,75,236,4.71,38.5,18.89873417721519,115.0,6.66,4.17,2010,TeboTi00,12.0,Denver Broncos,1.0,25.0,11.0
719,3533,Demaryius Thomas,WR,75,224,4.52,34.79401408450704,18.89873417721519,118.64737793851718,7.002360801781737,4.244398249452954,2010,ThomDe03,19.0,Denver Broncos,1.0,22.0,4.0
720,3562,Damian Williams,WR,73,197,4.52,38.0,19.0,118.0,6.79,4.24,2010,WillDa04,8.0,Tennessee Titans,3.0,77.0,1.375
721,3566,Kyle Williams,WR,70,188,4.4,33.0,11.0,118.0,7.0,4.19,2010,WillKy01,5.0,San Francisco 49ers,6.0,206.0,0.2
723,3591,Anthony Allen,RB,73,228,4.56,41.5,24.0,120.0,6.79,4.06,2011,AlleAn01,1.0,Baltimore Ravens,7.0,225.0,0.2
725,3613,Allen Bradford,RB,71,242,4.53,29.0,28.0,113.0,6.97,4.39,2011,BradAl00,1.0,Tampa Bay Buccaneers,6.0,187.0,1.0
726,3616,Vincent Brown,WR,71,187,4.68,33.5,12.0,121.0,6.64,4.25,2011,BrowVi00,8.0,San Diego Chargers,3.0,82.0,3.2142857142857144
727,3622,Stephen Burton,WR,73,221,4.5,34.5,19.0,117.0,7.04,4.31,2011,BurtSt00,0.0,Minnesota Vikings,7.0,236.0,1.3333333333333333
728,3625,Jordan Cameron,TE,77,254,4.53,37.5,23.0,119.0,6.82,4.03,2011,CameJo00,8.0,Cleveland Browns,4.0,102.0,0.375
729,3632,Delone Carter,RB,69,222,4.54,37.0,27.0,120.0,6.92,4.07,2011,CartDe01,3.0,Indianapolis Colts,4.0,119.0,3.25
730,3644,Randall Cobb,WR,70,191,4.46,33.5,16.0,115.0,7.08,4.34,2011,CobbRa00,22.0,Green Bay Packers,2.0,64.0,2.933333333333333
731,3650,Andy Dalton,QB,74,215,4.83,29.5,18.89873417721519,106.0,6.93,4.27,2011,DaltAn00,37.0,Cincinnati Bengals,2.0,35.0,13.3125
734,3677,Blaine Gabbert,QB,76,234,4.61,33.5,18.89873417721519,120.0,6.84,4.26,2011,GabbBl00,8.0,Jacksonville Jaguars,1.0,10.0,8.266666666666667
735,3679,Clyde Gates,WR,72,192,4.31,40.0,16.0,131.0,7.002360801781737,4.244398249452954,2011,GateCl00,3.0,Miami Dolphins,4.0,111.0,0.13333333333333333
736,3686,Virgil Green,TE,75,249,4.54,42.5,23.0,130.0,6.9,4.4,2011,GreeVi00,1.0,Denver Broncos,7.0,204.0,0.13333333333333333
737,3687,Alex Green,RB,72,225,4.45,34.0,20.0,114.0,6.91,4.15,2011,GreeAl00,5.0,Green Bay Packers,3.0,96.0,0.5
738,3688,A.J. Green,WR,76,211,4.48,34.5,18.0,126.0,6.91,4.21,2011,GreeA.00,36.0,Cincinnati Bengals,1.0,4.0,10.2
739,3694,Leonard Hankerson,WR,73,209,4.4,36.0,14.0,117.0,6.94,4.21,2011,HankLe00,9.0,Washington Redskins,3.0,79.0,4.5
741,3696,Jamie Harper,RB,71,233,4.53,36.5,24.0,120.0,7.16,4.39,2011,HarpJa01,0.0,Tennessee Titans,4.0,130.0,1.0769230769230769
743,3700,Roy Helu,RB,71,219,4.4,36.5,11.0,119.0,6.67,4.01,2011,HeluRo00,9.0,Washington Redskins,4.0,105.0,8.0
744,3714,Rob Housler,TE,77,248,4.46,37.0,22.0,117.0,6.9,4.21,2011,HousRo01,8.0,Arizona Cardinals,3.0,69.0,1.0833333333333333
745,3718,Kendall Hunter,RB,67,199,4.46,35.0,24.0,122.0,6.74,4.21,2011,HuntKe00,11.0,San Francisco 49ers,4.0,115.0,4.9375
746,3724,Mark Ingram,RB,69,215,4.62,31.5,21.0,118.0,7.13,4.62,2011,IngrMa01,11.0,New Orleans Saints,1.0,28.0,8.2
750,3737,Julio Jones,WR,75,220,4.34,38.5,17.0,135.0,6.66,4.25,2011,JoneJu02,28.0,Atlanta Falcons,1.0,6.0,11.538461538461538
751,3741,Colin Kaepernick,QB,77,233,4.53,32.5,18.89873417721519,115.0,6.85,4.18,2011,KaepCo00,24.0,San Francisco 49ers,2.0,36.0,0.3333333333333333
752,3743,Lance Kendricks,TE,75,243,4.65,34.5,25.0,122.0,6.94,4.15,2011,KendLa00,8.0,St. Louis Rams,2.0,47.0,2.2666666666666666
753,3745,Jeremy Kerley,WR,69,189,4.56,34.5,16.0,120.0,7.002360801781737,4.244398249452954,2011,KerlJe00,14.0,New York Jets,5.0,153.0,3.142857142857143
755,3756,Dion Lewis,RB,67,193,4.56,34.5,17.0,112.0,6.9,4.18,2011,LewiDi00,8.0,Philadelphia Eagles,5.0,149.0,1.0666666666666667
756,3758,Greg Little,WR,74,231,4.51,40.5,27.0,129.0,6.8,4.21,2011,LittGr00,13.0,Cleveland Browns,2.0,59.0,5.25
757,3762,Jake Locker,QB,74,231,4.51,35.0,18.89873417721519,120.0,6.77,4.12,2011,LockJa00,13.0,Tennessee Titans,1.0,8.0,9.8
760,3785,Denarius Moore,WR,72,194,4.43,36.0,13.0,118.0,6.78,4.15,2011,MoorDe02,15.0,Oakland Raiders,5.0,148.0,8.153846153846153
761,3790,DeMarco Murray,RB,72,213,4.37,34.5,21.0,124.0,7.28,4.18,2011,MurrDe00,26.0,Dallas Cowboys,3.0,71.0,9.23076923076923
762,3795,Cam Newton,QB,77,248,4.56,35.0,18.89873417721519,126.0,6.92,4.18,2011,NewtCa00,51.0,Carolina Panthers,1.0,1.0,23.4375
763,3802,Niles Paul,WR,73,224,4.45,34.5,24.0,117.0,6.9,4.14,2011,PaulNi00,2.0,Washington Redskins,5.0,155.0,0.23076923076923078
764,3805,Austin Pettis,WR,75,209,4.56,33.5,14.0,120.0,6.68,3.88,2011,PettAu00,7.0,St. Louis Rams,3.0,78.0,2.0833333333333335
766,3809,Christian Ponder,QB,74,229,4.63,34.0,18.89873417721519,116.0,6.85,4.09,2011,PondCh00,22.0,Minnesota Vikings,1.0,12.0,11.090909090909092
767,3813,Bilal Powell,RB,70,207,4.51,34.79401408450704,18.0,118.64737793851718,7.002360801781737,4.244398249452954,2011,PoweBi00,8.0,New York Jets,4.0,126.0,1.5
768,3820,Stevan Ridley,RB,71,225,4.65,36.0,18.0,118.0,6.78,4.21,2011,RidlSt00,21.0,New England Patriots,3.0,73.0,3.1875
770,3822,Jacquizz Rodgers,RB,66,196,4.59,33.0,18.89873417721519,113.0,7.31,4.26,2011,RodgJa00,15.0,Atlanta Falcons,5.0,145.0,3.1875
771,3827,Evan Royster,RB,72,212,4.65,34.0,20.0,113.0,7.07,4.18,2011,RoysEv00,4.0,Washington Redskins,6.0,177.0,6.666666666666667
772,3829,Kyle Rudolph,TE,78,259,4.83,34.79401408450704,18.89873417721519,118.64737793851718,7.002360801781737,4.244398249452954,2011,RudoKy00,10.0,Minnesota Vikings,2.0,43.0,2.8666666666666667
773,3832,Greg Salas,WR,73,210,4.53,37.0,15.0,120.0,6.65,4.1,2011,SalaGr00,2.0,St. Louis Rams,4.0,112.0,4.5
774,3833,DeMarco Sampson,WR,74,204,4.41,34.79401408450704,14.0,118.64737793851718,7.002360801781737,4.244398249452954,2011,SampDe00,0.0,Arizona Cardinals,7.0,249.0,0.3333333333333333
775,3841,Da'Rel Scott,RB,71,211,4.4,34.0,19.0,117.0,7.15,4.2,2011,ScotDa01,1.0,New York Giants,7.0,221.0,0.2727272727272727
776,3848,Cecil Shorts,WR,72,205,4.5,34.5,21.0,114.0,6.5,4.07,2011,ShorCe00,12.0,Jacksonville Jaguars,4.0,114.0,0.9
777,3857,Lee Smith,TE,78,266,4.94,29.0,25.0,108.0,7.13,4.28,2011,SmitLe00,1.0,New England Patriots,5.0,159.0,0.1
778,3858,Torrey Smith,WR,73,204,4.41,41.0,19.0,126.0,6.72,4.13,2011,SmitTo02,24.0,Baltimore Ravens,2.0,58.0,8.125
780,3864,Luke Stocker,TE,77,258,4.68,33.0,27.0,115.0,7.03,4.4,2011,StocLu00,2.0,Tampa Bay Buccaneers,4.0,104.0,0.6428571428571429
781,3870,Tyrod Taylor,QB,73,217,4.47,37.5,18.89873417721519,126.0,6.78,4.09,2011,TaylTy00,1.0,Baltimore Ravens,6.0,180.0,0.3333333333333333
782,3872,Daniel Thomas,RB,72,230,4.62,34.79401408450704,21.0,118.64737793851718,7.002360801781737,4.244398249452954,2011,ThomDa03,10.0,Miami Dolphins,2.0,62.0,5.461538461538462
783,3875,Julius Thomas,TE,77,246,4.64,35.5,16.0,111.0,6.96,4.31,2011,ThomJu00,8.0,Denver Broncos,4.0,129.0,0.2
785,3885,Shane Vereen,RB,70,210,4.49,34.0,31.0,115.0,6.95,4.28,2011,VereSh00,9.0,New England Patriots,2.0,56.0,2.4
786,3888,Ryan Whalen,WR,73,202,4.53,38.5,18.0,123.0,6.67,4.09,2011,WhalRy00,0.0,Cincinnati Bengals,6.0,167.0,0.75
787,3890,Johnny White,RB,70,209,4.5,32.5,18.89873417721519,117.0,7.07,4.31,2011,WhitJo01,0.0,Buffalo Bills,5.0,133.0,0.3333333333333333
788,3895,D.J. Williams,TE,74,245,4.59,33.5,20.0,111.0,7.29,4.51,2011,WillD.00,1.0,Green Bay Packers,5.0,141.0,0.07692307692307693
790,3909,T.J. Yates,QB,75,219,5.06,29.5,18.89873417721519,104.0,6.96,4.12,2011,YateT.00,3.0,Houston Texans,5.0,152.0,8.333333333333334
791,3911,Titus Young,WR,71,174,4.43,34.79401408450704,18.89873417721519,123.0,7.002360801781737,4.244398249452954,2011,YounTi00,8.0,Detroit Lions,2.0,44.0,6.25
792,3915,Joe Adams,WR,71,179,4.51,36.0,18.89873417721519,123.0,7.09,4.244398249452954,2012,AdamJo01,0.0,Carolina Panthers,4.0,104.0,-0.4444444444444444
793,3919,Dwayne Allen,TE,75,255,4.85,32.0,27.0,110.0,7.12,4.37,2012,AlleDw00,7.0,Indianapolis Colts,3.0,64.0,4.4375
795,3927,Vick Ballard,RB,70,219,4.59,33.0,23.0,115.0,7.03,4.19,2012,BallVi00,5.0,Indianapolis Colts,5.0,170.0,7.1875
796,3931,Travis Benjamin,WR,70,172,4.31,38.0,14.0,119.0,7.002360801781737,4.244398249452954,2012,BenjTr00,7.0,Cleveland Browns,4.0,100.0,3.2857142857142856
797,3936,Justin Blackmon,WR,73,207,4.46,34.79401408450704,14.0,118.64737793851718,7.002360801781737,4.244398249452954,2012,BlacJu00,9.0,Jacksonville Jaguars,1.0,5.0,7.5625
798,3946,LaVon Brazill,WR,71,192,4.43,32.5,11.0,118.64737793851718,7.002360801781737,4.244398249452954,2012,BrazLa00,3.0,Indianapolis Colts,6.0,206.0,1.5333333333333334
799,3953,Ryan Broyles,WR,70,192,4.57,34.79401408450704,21.0,118.64737793851718,7.002360801781737,4.244398249452954,2012,BroyRy00,3.0,Detroit Lions,2.0,54.0,4.3
800,3961,Orson Charles,TE,74,251,4.73,34.79401408450704,35.0,118.64737793851718,7.002360801781737,4.244398249452954,2012,CharOr00,1.0,Cincinnati Bengals,4.0,116.0,0.625
804,3972,Kirk Cousins,QB,75,214,4.84,28.5,18.89873417721519,109.0,7.05,4.5,2012,CousKi00,4.0,Washington Redskins,4.0,102.0,11.0
805,3978,Juron Criner,WR,74,224,4.66,38.0,17.0,117.0,7.15,4.3,2012,CrinJu00,1.0,Oakland Raiders,5.0,168.0,1.9166666666666667
808,3994,Rhett Ellison,TE,77,251,4.78,31.5,18.89873417721519,109.0,7.002360801781737,4.244398249452954,2012,ElliRh00,4.0,Minnesota Vikings,4.0,128.0,0.4375
809,3998,Coby Fleener,TE,78,247,4.51,34.79401408450704,27.0,118.64737793851718,7.002360801781737,4.244398249452954,2012,FleeCo00,15.0,Indianapolis Colts,2.0,34.0,3.3333333333333335
810,4001,Michael Floyd,WR,75,220,4.4,36.5,16.0,122.0,7.002360801781737,4.244398249452954,2012,FloyMi00,17.0,Arizona Cardinals,1.0,13.0,4.125
811,4002,Nick Foles,QB,77,243,5.03,30.5,18.89873417721519,112.0,7.002360801781737,4.244398249452954,2012,FoleNi00,20.0,Philadelphia Eagles,3.0,88.0,12.285714285714286
814,4015,T.J. Graham,WR,71,188,4.34,33.5,8.0,120.0,6.77,4.18,2012,GrahT.00,7.0,Buffalo Bills,3.0,69.0,2.6
815,4017,Cyrus Gray,RB,70,206,4.4,32.5,21.0,114.0,7.17,4.244398249452954,2012,GrayCy00,1.0,Kansas City Chiefs,6.0,182.0,0.6
816,4018,Ladarius Green,TE,78,238,4.45,34.5,16.0,124.0,7.12,4.47,2012,GreeLa00,6.0,San Diego Chargers,4.0,110.0,1.5
817,4019,Robert Griffin,QB,74,223,4.33,39.0,18.89873417721519,120.0,7.002360801781737,4.244398249452954,2012,GrifRo01,33.0,Washington Redskins,1.0,2.0,21.2
818,4025,James Hanna,TE,76,252,4.43,36.0,24.0,122.0,6.76,4.11,2012,HannJa00,3.0,Dallas Cowboys,6.0,186.0,0.5625
821,4035,Dan Herron,RB,70,213,4.57,35.0,22.0,117.0,6.97,4.04,2012,HerrDa00,5.0,Cincinnati Bengals,6.0,191.0,0.3333333333333333
822,4037,Stephen Hill,WR,76,215,4.36,39.5,14.0,133.0,6.88,4.48,2012,HillSt00,4.0,New York Jets,2.0,43.0,3.909090909090909
823,4038,Ronnie Hillman,RB,69,200,4.42,37.0,17.0,118.64737793851718,7.002360801781737,4.244398249452954,2012,HillRo00,11.0,Denver Broncos,3.0,67.0,3.0714285714285716
824,4039,T.Y. Hilton,WR,69,183,4.34,34.79401408450704,18.89873417721519,118.64737793851718,7.002360801781737,4.244398249452954,2012,HiltT.00,30.0,Indianapolis Colts,3.0,92.0,8.733333333333333
825,4054,LaMichael James,RB,68,194,4.35,35.0,15.0,123.0,6.88,4.12,2012,JameLa00,2.0,San Francisco 49ers,2.0,61.0,3.75
826,4057,Alshon Jeffery,WR,75,216,4.48,34.79401408450704,18.89873417721519,118.64737793851718,7.002360801781737,4.244398249452954,2012,JeffAl00,26.0,Chicago Bears,2.0,45.0,5.5
828,4066,Marvin Jones,WR,74,199,4.46,33.0,22.0,112.0,6.81,4.11,2012,JoneMa02,9.0,Cincinnati Bengals,5.0,166.0,2.8181818181818183
829,4087,Ryan Lindley,QB,76,229,4.86,29.5,18.89873417721519,108.0,7.52,4.45,2012,LindRy00,-4.0,Arizona Cardinals,6.0,185.0,2.1666666666666665
830,4091,Andrew Luck,QB,76,234,4.59,36.0,18.89873417721519,124.0,6.8,4.28,2012,LuckAn00,44.0,Indianapolis Colts,1.0,1.0,17.25
831,4098,Keshawn Martin,WR,71,188,4.42,39.5,13.0,122.0,6.85,4.13,2012,MartKe01,4.0,Houston Texans,4.0,121.0,1.25
832,4100,Doug Martin,RB,69,223,4.46,36.0,28.0,120.0,6.79,4.16,2012,MartDo00,20.0,Tampa Bay Buccaneers,1.0,31.0,16.4375
833,4103,Rishard Matthews,WR,72,217,4.54,36.0,20.0,118.64737793851718,6.88,4.19,2012,MattRi00,5.0,Miami Dolphins,7.0,227.0,1.875
835,4117,Lamar Miller,RB,71,212,4.34,33.0,18.89873417721519,118.64737793851718,7.002360801781737,4.244398249452954,2012,MillLa01,18.0,Miami Dolphins,4.0,97.0,2.769230769230769
836,4124,Alfred Morris,RB,70,219,4.63,35.5,16.0,117.0,7.01,4.19,2012,MorrAl00,26.0,Washington Redskins,6.0,173.0,15.0625
837,4133,Brock Osweiler,QB,79,242,4.83,34.79401408450704,18.89873417721519,118.64737793851718,7.002360801781737,4.244398249452954,2012,OsweBr00,0.0,Denver Broncos,2.0,57.0,-0.2
838,4137,David Paulson,TE,75,246,4.79,32.0,21.0,110.0,7.18,4.4,2012,PaulDa01,1.0,Pittsburgh Steelers,7.0,240.0,0.3125
839,4138,Isaiah Pead,RB,70,197,4.39,33.0,18.89873417721519,116.0,6.95,4.32,2012,PeadIs00,1.0,St. Louis Rams,2.0,50.0,0.3333333333333333
840,4142,Bernard Pierce,RB,72,218,4.45,36.5,17.0,123.0,7.07,4.28,2012,PierBe00,10.0,Baltimore Ravens,3.0,84.0,4.0
841,4147,DeVier Posey,WR,74,211,4.39,36.5,14.0,123.0,7.03,4.15,2012,PoseDe00,2.0,Houston Texans,3.0,68.0,0.7272727272727273
842,4156,Brian Quick,WR,75,220,4.5,34.0,15.0,119.0,7.1,4.23,2012,QuicBr00,7.0,St. Louis Rams,2.0,33.0,1.8666666666666667
843,4157,Chris Rainey,RB,68,180,4.36,36.5,16.0,120.0,6.5,3.93,2012,RainCh00,1.0,Pittsburgh Steelers,5.0,159.0,1.625
844,4159,Rueben Randle,WR,75,210,4.55,31.0,15.0,121.0,6.99,4.36,2012,RandRu00,15.0,New York Giants,2.0,63.0,3.0
845,4166,Trent Richardson,RB,69,228,4.48,34.79401408450704,18.89873417721519,118.64737793851718,7.002360801781737,4.244398249452954,2012,RichTr00,18.0,Cleveland Browns,1.0,3.0,13.6
846,4176,Mohamed Sanu,WR,73,211,4.62,36.0,19.0,126.0,6.88,4.22,2012,SanuMo00,14.0,Cincinnati Bengals,3.0,83.0,5.333333333333333
848,4195,Ryan Tannehill,QB,76,221,4.65,34.79401408450704,18.89873417721519,118.64737793851718,7.002360801781737,4.244398249452954,2012,TannRy00,34.0,Miami Dolphins,1.0,8.0,11.4375
850,4208,Robert Turbin,RB,70,222,4.42,36.0,28.0,122.0,7.16,4.31,2012,TurbRo00,12.0,Seattle Seahawks,4.0,106.0,3.375
851,4218,Brandon Weeden,QB,75,221,4.89,34.79401408450704,18.89873417721519,118.64737793851718,7.002360801781737,4.244398249452954,2012,WeedBr00,12.0,Cleveland Browns,1.0,22.0,11.066666666666666
852,4220,Jordan White,WR,72,208,4.63,35.0,14.0,119.0,6.84,4.13,2012,WhitJo02,0.0,New York Jets,7.0,244.0,0.3333333333333333
853,4225,David Wilson,RB,70,206,4.38,41.0,18.89873417721519,132.0,7.09,4.12,2012,WilsDa01,5.0,New York Giants,1.0,32.0,4.1875
854,4226,Russell Wilson,QB,71,204,4.53,34.0,18.89873417721519,118.0,6.97,4.09,2012,WilsRu00,51.0,Seattle Seahawks,3.0,75.0,17.375
855,4231,Jarius Wright,WR,70,182,4.39,38.0,11.0,120.0,6.93,4.03,2012,WrigJa02,12.0,Minnesota Vikings,4.0,118.0,6.285714285714286
856,4232,Kendall Wright,WR,70,196,4.49,38.5,18.89873417721519,121.0,6.93,4.18,2012,WrigKe01,19.0,Tennessee Titans,1.0,20.0,5.666666666666667
857,4233,Devon Wylie,WR,69,187,4.36,39.0,17.0,123.0,7.002360801781737,4.244398249452954,2012,WyliDe00,0.0,Kansas City Chiefs,4.0,107.0,0.8333333333333334
858,4242,Keenan Allen,WR,74,206,4.58,34.79401408450704,18.89873417721519,118.64737793851718,7.002360801781737,4.244398249452954,2013,AlleKe00,21.0,San Diego Chargers,3.0,76.0,9.933333333333334
859,4249,Tavon Austin,WR,68,174,4.34,32.0,14.0,120.0,7.002360801781737,4.01,2013,AustTa00,17.0,St. Louis Rams,1.0,8.0,6.538461538461538
860,4251,Stedman Bailey,WR,70,193,4.52,34.5,11.0,117.0,6.81,4.09,2013,BailSt01,7.0,St. Louis Rams,3.0,92.0,2.0
861,4254,Montee Ball,RB,70,214,4.66,32.0,15.0,118.0,6.88,4.4,2013,BallMo00,8.0,Denver Broncos,2.0,58.0,5.5
862,4257,Matt Barkley,QB,74,227,4.91,34.79401408450704,18.89873417721519,118.64737793851718,7.002360801781737,4.244398249452954,2013,BarkMa00,2.0,Philadelphia Eagles,4.0,98.0,0.6666666666666666
863,4258,Kenjon Barner,RB,69,196,4.52,35.5,20.0,122.0,6.87,4.2,2013,BarnKe00,1.0,Carolina Panthers,6.0,182.0,0.125
864,4264,Le'Veon Bell,RB,73,230,4.6,31.5,24.0,118.0,6.75,4.24,2013,BellLe00,30.0,Pittsburgh Steelers,2.0,48.0,13.23076923076923
865,4265,Giovani Bernard,RB,68,202,4.53,33.5,19.0,122.0,6.91,4.12,2013,BernGi00,26.0,Cincinnati Bengals,2.0,37.0,10.4375
867,4271,Josh Boyce,WR,71,206,4.38,34.0,22.0,131.0,6.68,4.1,2013,BoycJo00,1.0,New England Patriots,4.0,102.0,1.3333333333333333
870,4296,Knile Davis,RB,71,227,4.37,33.5,31.0,121.0,6.96,4.38,2013,DaviKn00,10.0,Kansas City Chiefs,3.0,96.0,3.375
871,4300,Aaron Dobson,WR,75,210,4.37,34.79401408450704,18.89873417721519,118.64737793851718,7.002360801781737,4.244398249452954,2013,DobsAa00,6.0,New England Patriots,2.0,59.0,6.333333333333333
873,4305,Tyler Eifert,TE,77,250,4.68,35.5,22.0,119.0,6.92,4.32,2013,EifeTy00,10.0,Cincinnati Bengals,1.0,21.0,3.8
874,4307,Andre Ellington,RB,69,199,4.61,34.0,18.89873417721519,122.0,7.002360801781737,4.244398249452954,2013,ElliAn00,15.0,Arizona Cardinals,6.0,187.0,8.4
875,4308,Zach Ertz,TE,77,249,4.76,30.5,24.0,111.0,7.08,4.47,2013,ErtzZa00,15.0,Philadelphia Eagles,2.0,35.0,4.5625
876,4309,Gavin Escobar,TE,78,254,4.84,32.0,18.89873417721519,114.0,7.07,4.31,2013,EscoGa00,2.0,Dallas Cowboys,2.0,47.0,1.5625
877,4319,Johnathan Franklin,RB,70,205,4.49,31.5,18.0,115.0,6.89,4.31,2013,FranJo01,1.0,Green Bay Packers,4.0,125.0,1.6363636363636365
879,4327,Mike Gillislee,RB,71,208,4.55,30.5,15.0,119.0,7.12,4.4,2013,GillMi00,2.0,Miami Dolphins,5.0,164.0,0.6666666666666666
880,4328,Mike Glennon,QB,79,225,4.94,26.5,18.89873417721519,102.0,7.49,4.52,2013,GlenMi00,11.0,Tampa Bay Buccaneers,3.0,73.0,12.153846153846153
881,4332,Marquise Goodwin,WR,69,183,4.27,34.79401408450704,13.0,132.0,7.002360801781737,4.244398249452954,2013,GoodMa00,2.0,Buffalo Bills,3.0,78.0,3.8333333333333335
882,4333,Chris Gragg,TE,75,244,4.5,37.5,18.0,125.0,7.08,4.51,2013,GragCh00,1.0,Buffalo Bills,7.0,222.0,1.2222222222222223
885,4356,DeAndre Hopkins,WR,73,214,4.57,36.0,15.0,115.0,7.002360801781737,4.5,2013,HopkDe00,26.0,Houston Texans,1.0,27.0,5.625
886,4360,Justin Hunter,WR,76,196,4.44,39.5,18.89873417721519,136.0,7.002360801781737,4.33,2013,HuntJu00,8.0,Tennessee Titans,2.0,34.0,4.214285714285714
887,4364,Mike James,RB,70,223,4.53,35.0,28.0,115.0,7.002360801781737,4.62,2013,JameMi00,2.0,Tampa Bay Buccaneers,6.0,189.0,4.75
891,4388,Nick Kasa,TE,78,269,4.71,31.5,22.0,113.0,7.002360801781737,4.244398249452954,2013,KasaNi00,0.0,Oakland Raiders,6.0,172.0,0.4375
894,4398,Eddie Lacy,RB,71,231,4.55,34.79401408450704,18.89873417721519,118.64737793851718,7.002360801781737,4.244398249452954,2013,LacyEd00,33.0,Green Bay Packers,2.0,61.0,13.866666666666667
897,4425,Vance McDonald,TE,76,267,4.69,33.5,31.0,119.0,7.08,4.53,2013,McDoVa00,3.0,San Francisco 49ers,2.0,55.0,0.8
899,4432,Christine Michael,RB,70,220,4.54,43.0,27.0,125.0,6.69,4.02,2013,MichCh00,4.0,Seattle Seahawks,2.0,62.0,2.0
901,4452,Cordarrelle Patterson,WR,74,216,4.42,37.0,18.89873417721519,128.0,7.002360801781737,4.244398249452954,2013,PattCo00,14.0,Minnesota Vikings,1.0,29.0,6.5625
902,4453,Quinton Patton,WR,72,204,4.53,33.0,8.0,118.0,6.91,4.01,2013,PattQu00,4.0,San Francisco 49ers,4.0,128.0,1.0
903,4462,Joseph Randle,RB,72,204,4.63,35.0,18.89873417721519,123.0,7.002360801781737,4.244398249452954,2013,RandJo01,7.0,Dallas Cowboys,5.0,151.0,2.6923076923076925
904,4464,Jordan Reed,TE,74,236,4.72,34.79401408450704,16.0,118.64737793851718,7.002360801781737,4.244398249452954,2013,ReedJo02,14.0,Washington Redskins,3.0,85.0,8.0
906,4470,Theo Riddick,RB,70,201,4.68,32.0,18.89873417721519,118.0,7.002360801781737,4.244398249452954,2013,RiddTh00,10.0,Detroit Lions,6.0,199.0,0.7857142857142857
907,4471,Mychal Rivera,TE,75,242,4.81,31.0,17.0,112.0,7.17,4.43,2013,RiveMy00,8.0,Oakland Raiders,6.0,184.0,4.0625
908,4473,Denard Robinson,WR,70,199,4.43,36.5,18.89873417721519,123.0,7.09,4.22,2013,RobiDe00,7.0,Jacksonville Jaguars,5.0,135.0,0.1875
909,4479,Ace Sanders,WR,67,173,4.58,32.0,7.0,117.0,6.81,4.37,2013,SandAc00,3.0,Jacksonville Jaguars,4.0,101.0,4.0
910,4486,Dion Sims,TE,77,262,4.75,35.0,22.0,112.0,7.36,4.52,2013,SimsDi00,4.0,Miami Dolphins,4.0,106.0,0.6
911,4492,Geno Smith,QB,74,218,4.58,33.5,18.89873417721519,124.0,7.002360801781737,4.244398249452954,2013,SmitGe00,15.0,New York Jets,2.0,39.0,12.125
913,4497,Zac Stacy,RB,68,216,4.55,33.0,27.0,122.0,6.7,4.17,2013,StacZa00,11.0,St. Louis Rams,5.0,160.0,11.214285714285714
914,4503,Kenny Stills,WR,72,194,4.38,33.5,16.0,124.0,7.002360801781737,4.35,2013,StilKe00,17.0,New Orleans Saints,5.0,144.0,5.9375
916,4514,Stepfan Taylor,RB,69,214,4.76,30.0,17.0,110.0,7.13,4.5,2013,TaylSt00,3.0,Arizona Cardinals,5.0,140.0,1.1875
918,4523,Levine Toilolo,TE,80,260,4.86,31.0,17.0,113.0,7.09,4.57,2013,ToilLe00,2.0,Atlanta Falcons,4.0,133.0,1.125
919,4531,Spencer Ware,RB,70,228,4.62,34.79401408450704,18.89873417721519,118.64737793851718,7.002360801781737,4.244398249452954,2013,WareSp00,13.0,Seattle Seahawks,6.0,194.0,0.5
920,4542,Markus Wheaton,WR,71,189,4.45,37.0,20.0,120.0,6.8,4.02,2013,WheaMa00,13.0,Pittsburgh Steelers,3.0,79.0,0.5
922,4554,Terrance Williams,WR,74,208,4.52,32.5,11.0,119.0,7.01,4.32,2013,WillTe01,19.0,Dallas Cowboys,3.0,74.0,6.375
923,4558,Marquess Wilson,WR,75,194,4.51,34.5,7.0,122.0,6.65,4.33,2013,WilsMa02,5.0,Chicago Bears,7.0,236.0,0.1
925,4565,Robert Woods,WR,72,201,4.51,33.5,14.0,117.0,7.15,4.47,2013,WoodRo02,14.0,Buffalo Bills,2.0,41.0,5.714285714285714
927,4570,Davante Adams,WR,73,212,4.56,39.5,14.0,123.0,6.82,4.3,2014,AdamDa01,19.0,Green Bay Packers,2.0,53.0,3.9375
928,4573,Jace Amaro,TE,77,265,4.74,33.0,28.0,118.0,7.42,4.3,2014,AmarJa00,4.0,New York Jets,2.0,49.0,3.5
929,4575,Dri Archer,WR,68,173,4.26,38.0,20.0,122.0,6.86,4.06,2014,ArchDr00,0.0,Pittsburgh Steelers,3.0,97.0,0.5
930,4583,Kelvin Benjamin,WR,77,240,4.61,32.5,13.0,119.0,7.33,4.39,2014,BenjKe00,21.0,Carolina Panthers,1.0,28.0,9.6875
932,4589,Alfred Blue,RB,74,223,4.63,32.0,13.0,121.0,7.15,4.5,2014,BlueAl00,12.0,Houston Texans,6.0,181.0,5.125
933,4593,Blake Bortles,QB,77,232,4.93,32.5,18.89873417721519,115.0,7.08,4.21,2014,BortBl00,29.0,Jacksonville Jaguars,1.0,3.0,12.428571428571429
935,4600,Teddy Bridgewater,QB,74,214,4.571792318634424,30.0,18.89873417721519,113.0,7.17,4.2,2014,BridTe00,22.0,Minnesota Vikings,1.0,32.0,13.846153846153847
936,4606,John Brown,WR,70,179,4.34,36.5,18.89873417721519,119.0,6.91,4.12,2014,BrowJo02,19.0,Arizona Cardinals,3.0,91.0,6.1875
937,4608,Martavis Bryant,WR,76,211,4.42,39.0,16.0,124.0,7.18,4.15,2014,BryaMa00,18.0,Pittsburgh Steelers,4.0,118.0,10.4
938,4613,Michael Campanaro,WR,69,192,4.46,39.0,20.0,122.0,6.77,4.01,2014,CampMi02,1.0,Baltimore Ravens,7.0,218.0,4.0
939,4614,Ka'Deem Carey,RB,69,207,4.69,32.5,19.0,115.0,7.08,4.38,2014,CareKa00,3.0,Chicago Bears,4.0,117.0,1.5714285714285714
940,4615,Derek Carr,QB,74,214,4.69,34.5,18.89873417721519,110.0,7.002360801781737,4.2,2014,CarrDe02,30.0,Oakland Raiders,2.0,36.0,12.0
941,4627,Brandin Cooks,WR,70,189,4.33,36.0,16.0,120.0,6.76,3.81,2014,CookBr00,25.0,New Orleans Saints,1.0,20.0,8.6
942,4646,Eric Ebron,TE,76,250,4.6,32.0,24.0,120.0,7.002360801781737,4.244398249452954,2014,EbroEr00,12.0,Detroit Lions,1.0,10.0,2.3846153846153846
943,4649,Bruce Ellington,WR,69,197,4.45,39.5,15.0,120.0,6.69,3.95,2014,ElliBr00,5.0,San Francisco 49ers,4.0,106.0,2.076923076923077
946,4654,Mike Evans,WR,77,231,4.53,37.0,12.0,118.64737793851718,7.08,4.26,2014,EvanMi00,27.0,Tampa Bay Buccaneers,1.0,7.0,11.8
948,4660,C.J. Fiedorowicz,TE,77,265,4.76,31.5,25.0,116.0,7.1,4.26,2014,FiedC.00,5.0,Houston Texans,3.0,65.0,0.6
949,4668,Devonta Freeman,RB,68,206,4.58,31.5,18.89873417721519,118.0,7.11,4.26,2014,FreeDe00,30.0,Atlanta Falcons,4.0,103.0,3.5625
952,4675,Jimmy Garoppolo,QB,74,226,4.97,30.5,18.89873417721519,110.0,7.04,4.26,2014,GaroJi00,3.0,New England Patriots,2.0,62.0,2.0
953,4679,Crockett Gillmore,TE,78,260,4.89,33.5,18.89873417721519,120.0,7.42,4.44,2014,GillCr00,4.0,Baltimore Ravens,3.0,99.0,1.2
954,4681,Ryan Grant,WR,72,199,4.64,35.5,8.0,119.0,6.68,4.11,2014,GranRy01,3.0,Washington Redskins,5.0,142.0,0.4375
955,4682,Marion Grice,RB,72,208,4.67,34.79401408450704,18.89873417721519,118.64737793851718,7.002360801781737,4.244398249452954,2014,GricMa00,0.0,San Diego Chargers,6.0,201.0,1.3
957,4694,Robert Herron,WR,69,193,4.48,35.5,18.0,125.0,6.84,4.27,2014,HerrRo00,0.0,Tampa Bay Buccaneers,6.0,185.0,1.5
958,4696,Jeremy Hill,RB,73,233,4.56,29.0,20.0,113.0,7.002360801781737,4.244398249452954,2014,HillJe01,21.0,Cincinnati Bengals,2.0,55.0,11.5
959,4703,Josh Huff,WR,71,206,4.51,35.5,14.0,116.0,7.002360801781737,4.244398249452954,2014,HuffJo00,6.0,Philadelphia Eagles,3.0,86.0,0.75
960,4706,Carlos Hyde,RB,72,230,4.62,34.5,19.0,114.0,7.002360801781737,4.244398249452954,2014,HydeCa00,12.0,San Francisco 49ers,2.0,57.0,4.428571428571429
961,4716,Jeff Janis,WR,75,219,4.42,37.5,20.0,123.0,6.64,3.98,2014,JaniJe00,2.0,Green Bay Packers,7.0,236.0,0.6666666666666666
962,4722,Storm Johnson,RB,72,209,4.6,35.5,16.0,118.0,7.002360801781737,4.244398249452954,2014,JohnSt03,0.0,Jacksonville Jaguars,7.0,222.0,3.3333333333333335
964,4739,Jarvis Landry,WR,71,205,4.65,28.5,12.0,110.0,7.002360801781737,4.244398249452954,2014,LandJa00,26.0,Miami Dolphins,2.0,63.0,6.0625
965,4741,Cody Latimer,WR,74,215,4.52,34.79401408450704,23.0,118.64737793851718,7.002360801781737,4.244398249452954,2014,LatiCo00,1.0,Denver Broncos,2.0,56.0,0.25
966,4744,Marqise Lee,WR,72,192,4.52,38.0,18.89873417721519,127.0,7.002360801781737,4.01,2014,LeexMa00,12.0,Jacksonville Jaguars,2.0,39.0,3.769230769230769
968,4764,Johnny Manziel,QB,72,207,4.68,31.5,18.89873417721519,113.0,6.75,4.03,2014,ManzJo00,5.0,Cleveland Browns,1.0,22.0,2.4
969,4769,Tre Mason,RB,68,207,4.5,38.5,18.89873417721519,126.0,7.002360801781737,4.15,2014,MasoTr00,7.0,St. Louis Rams,3.0,75.0,9.916666666666666
970,4771,Jordan Matthews,WR,75,212,4.46,35.5,21.0,120.0,6.95,4.18,2014,MattJo00,20.0,Philadelphia Eagles,2.0,42.0,8.4375
972,4778,Jerick McKinnon,RB,69,209,4.41,40.5,32.0,132.0,6.83,4.12,2014,McKiJe00,13.0,Minnesota Vikings,3.0,96.0,6.090909090909091
973,4779,Zach Mettenberger,QB,77,224,4.571792318634424,34.79401408450704,18.89873417721519,118.64737793851718,7.002360801781737,4.244398249452954,2014,MettZa00,1.0,Tennessee Titans,6.0,178.0,10.142857142857142
974,4784,Donte Moncrief,WR,74,221,4.4,39.5,13.0,132.0,7.02,4.3,2014,MoncDo00,13.0,Indianapolis Colts,3.0,90.0,4.0
976,4796,Troy Niklas,TE,78,270,4.84,32.0,27.0,114.0,7.57,4.55,2014,NiklTr00,0.0,Arizona Cardinals,2.0,52.0,0.5714285714285714
977,4797,Kevin Norwood,WR,74,198,4.48,33.0,8.0,121.0,6.68,4.32,2014,NorwKe00,1.0,Seattle Seahawks,4.0,123.0,1.1111111111111112
979,4821,Paul Richardson,WR,72,175,4.4,38.0,18.89873417721519,124.0,7.09,4.244398249452954,2014,RichPa01,5.0,Seattle Seahawks,2.0,45.0,2.2
980,4827,Allen Robinson,WR,75,220,4.6,39.0,18.89873417721519,127.0,7.0,4.0,2014,RobiAl02,20.0,Jacksonville Jaguars,2.0,61.0,6.9
981,4829,Richard Rodgers,TE,76,257,4.87,31.5,16.0,116.0,7.23,4.47,2014,RodgRi00,11.0,Green Bay Packers,3.0,98.0,2.1875
982,4831,Bishop Sankey,RB,69,209,4.49,35.5,26.0,126.0,6.75,4.0,2014,SankBi00,6.0,Tennessee Titans,2.0,54.0,4.875
983,4833,Jalen Saunders,WR,69,165,4.44,34.0,18.89873417721519,122.0,7.002360801781737,4.244398249452954,2014,SaunJa00,0.0,New York Jets,4.0,104.0,-0.06666666666666667
986,4837,Austin Seferian-Jenkins,TE,77,262,4.75,34.79401408450704,20.0,118.64737793851718,7.002360801781737,4.244398249452954,2014,SefeAu00,6.0,Tampa Bay Buccaneers,2.0,38.0,3.5555555555555554
987,4841,Charles Sims,RB,72,214,4.48,37.5,17.0,126.0,7.16,4.3,2014,SimsCh00,12.0,Tampa Bay Buccaneers,3.0,69.0,5.25
988,4858,Devin Street,WR,75,198,4.55,37.0,18.89873417721519,124.0,6.89,4.01,2014,StreDe00,1.0,Dallas Cowboys,5.0,146.0,0.125
989,4863,Lorenzo Taliaferro,RB,72,229,4.58,33.0,18.0,118.0,6.88,4.22,2014,TaliLo00,3.0,Baltimore Ravens,4.0,138.0,5.0
990,4865,De'Anthony Thomas,RB,69,174,4.39,32.0,8.0,124.0,7.002360801781737,4.244398249452954,2014,ThomDe05,6.0,Kansas City Chiefs,4.0,124.0,2.75
991,4867,Logan Thomas,QB,78,248,4.61,35.5,18.89873417721519,118.0,7.05,4.18,2014,ThomLo00,1.0,Arizona Cardinals,4.0,120.0,3.5
992,4886,Sammy Watkins,WR,73,211,4.43,34.0,16.0,126.0,6.95,4.34,2014,WatkSa00,21.0,Buffalo Bills,1.0,4.0,8.3125
995,4890,Terrance West,RB,69,225,4.56,33.5,16.0,120.0,7.002360801781737,4.244398249452954,2014,WestTe00,11.0,Cleveland Browns,3.0,94.0,7.285714285714286
996,4894,James White,RB,69,204,4.57,32.0,23.0,114.0,7.05,4.2,2014,WhitJa02,13.0,New England Patriots,4.0,130.0,2.0
997,4895,Andre Williams,RB,71,230,4.56,38.0,18.89873417721519,129.0,7.27,4.06,2014,WillAn00,7.0,New York Giants,4.0,113.0,7.9375
998,4902,Ameer Abdullah,RB,69,205,4.6,42.5,24.0,130.0,6.79,3.95,2015,AbduAm00,11.0,Detroit Lions,2.0,54.0,5.75
999,4903,Nelson Agholor,WR,72,198,4.42,34.79401408450704,12.0,118.64737793851718,7.002360801781737,4.244398249452954,2015,AghoNe00,13.0,Philadelphia Eagles,1.0,20.0,2.4615384615384617
1000,4904,Jay Ajayi,RB,72,221,4.57,39.0,19.0,121.0,7.1,4.1,2015,AjayJa00,19.0,Miami Dolphins,5.0,149.0,4.0
1001,4906,Mario Alford,WR,68,180,4.43,34.0,13.0,121.0,6.64,4.07,2015,AlfoMa00,0.0,Cincinnati Bengals,7.0,238.0,2.0
1002,4907,Javorius Allen,RB,72,221,4.53,35.5,11.0,121.0,6.96,4.28,2015,AlleJa01,12.0,Baltimore Ravens,4.0,125.0,6.3125
1003,4914,Cameron Artis-Payne,RB,70,212,4.53,36.5,18.89873417721519,118.0,7.13,4.244398249452954,2015,ArtiCa00,4.0,Carolina Panthers,5.0,174.0,4.285714285714286
1005,4920,Blake Bell,TE,78,252,4.8,33.0,14.0,116.0,6.85,4.32,2015,BellBl00,2.0,San Francisco 49ers,4.0,117.0,1.3571428571428572
1006,4929,Nick Boyle,TE,76,268,5.04,30.5,20.0,112.0,7.13,4.23,2015,BoylNi00,3.0,Baltimore Ravens,5.0,171.0,1.5454545454545454
1010,4953,Sammie Coates,WR,73,212,4.43,41.0,23.0,131.0,6.98,4.06,2015,CoatSa00,4.0,Pittsburgh Steelers,3.0,87.0,0.14285714285714285
1011,4954,David Cobb,RB,71,229,4.59,38.5,17.0,121.0,7.002360801781737,4.244398249452954,2015,CobbDa00,1.0,Tennessee Titans,5.0,138.0,2.857142857142857
1012,4956,Tevin Coleman,RB,71,206,4.4,34.79401408450704,22.0,118.64737793851718,7.002360801781737,4.244398249452954,2015,ColeTe01,19.0,Atlanta Falcons,3.0,73.0,3.4166666666666665
1013,4961,Chris Conley,WR,74,213,4.35,45.0,18.0,139.0,7.06,4.3,2015,ConlCh00,9.0,Kansas City Chiefs,3.0,76.0,1.625
1014,4963,Amari Cooper,WR,73,211,4.42,33.0,18.89873417721519,120.0,6.71,3.98,2015,CoopAm00,25.0,Oakland Raiders,1.0,4.0,8.8125
1015,4969,Jamison Crowder,WR,68,185,4.56,37.0,10.0,115.0,7.17,4.32,2015,CrowJa00,19.0,Washington Redskins,4.0,105.0,4.6875
1016,4974,Mike Davis,RB,69,217,4.61,34.0,17.0,116.0,7.0,4.18,2015,DaviMi01,4.0,San Francisco 49ers,4.0,126.0,1.6666666666666667
1017,4975,Geremy Davis,WR,74,216,4.49,36.5,23.0,124.0,6.86,4.18,2015,DaviGe00,0.0,New York Giants,6.0,186.0,0.2
1018,4985,Stefon Diggs,WR,72,195,4.46,35.0,18.89873417721519,115.0,7.03,4.32,2015,DiggSt00,24.0,Minnesota Vikings,5.0,146.0,7.461538461538462
1019,4989,Phillip Dorsett,WR,70,185,4.33,37.0,13.0,122.0,6.7,4.11,2015,DorsPh00,9.0,Indianapolis Colts,1.0,29.0,2.5454545454545454
1020,5012,Devin Funchess,WR,76,232,4.7,38.5,17.0,122.0,7.002360801781737,4.244398249452954,2015,FuncDe00,16.0,Carolina Panthers,2.0,41.0,4.6875
1021,5024,Melvin Gordon,RB,73,215,4.52,35.0,19.0,126.0,7.04,4.07,2015,GordMe00,25.0,San Diego Chargers,1.0,15.0,5.357142857142857
1023,5029,Dorial Green-Beckham,WR,77,237,4.49,33.5,13.0,119.0,6.89,4.45,2015,GreeDo00,7.0,Tennessee Titans,2.0,40.0,5.0625
1024,5030,Rashad Greene,WR,71,182,4.53,36.5,18.89873417721519,122.0,6.88,4.12,2015,GreeRa00,2.0,Jacksonville Jaguars,5.0,139.0,2.5555555555555554
1025,5034,Todd Gurley,RB,73,222,4.52,34.79401408450704,17.0,118.64737793851718,7.002360801781737,4.244398249452954,2015,GurlTo01,31.0,St. Louis Rams,1.0,10.0,14.538461538461538
1026,5042,Justin Hardy,WR,70,192,4.56,36.5,11.0,114.0,6.63,4.21,2015,HardJu00,6.0,Atlanta Falcons,4.0,107.0,2.111111111111111
1030,5067,Jesse James,TE,79,261,4.83,37.5,26.0,121.0,7.53,4.5,2015,JameJe00,7.0,Pittsburgh Steelers,5.0,160.0,1.75
1031,5074,Duke Johnson,RB,69,207,4.54,33.5,18.89873417721519,121.0,7.002360801781737,4.244398249452954,2015,JohnDu00,16.0,Cleveland Browns,3.0,77.0,6.4375
1032,5077,Matt Jones,RB,74,231,4.61,31.5,20.0,112.0,7.002360801781737,4.2,2015,JoneMa04,10.0,Washington Redskins,3.0,95.0,7.3076923076923075
1034,5085,Tyler Kroft,TE,77,246,4.75,34.79401408450704,17.0,118.64737793851718,7.002360801781737,4.244398249452954,2015,KrofTy00,5.0,Cincinnati Bengals,3.0,85.0,1.1875
1035,5087,Jeremy Langford,RB,72,208,4.42,34.5,18.89873417721519,118.0,7.22,4.32,2015,LangJe00,8.0,Chicago Bears,4.0,106.0,8.0
1037,5090,Tyler Lockett,WR,70,182,4.4,35.5,18.89873417721519,121.0,6.89,4.07,2015,LockTy00,21.0,Seattle Seahawks,3.0,69.0,6.375
1038,5099,Sean Mannion,QB,78,229,5.14,31.0,18.89873417721519,105.0,7.29,4.39,2015,MannSe00,1.0,St. Louis Rams,3.0,89.0,1.0
1039,5101,Marcus Mariota,QB,76,222,4.52,36.0,18.89873417721519,121.0,6.87,4.11,2015,MariMa01,34.0,Tennessee Titans,1.0,2.0,17.5
1041,5109,Tre McBride,WR,72,210,4.41,38.0,16.0,122.0,6.96,4.08,2015,McBrTr00,1.0,Tennessee Titans,7.0,245.0,1.1428571428571428
1042,5116,Ty Montgomery,WR,72,221,4.55,40.5,18.89873417721519,121.0,6.97,4.21,2015,MontTy01,12.0,Green Bay Packers,3.0,94.0,4.5
1043,5118,Keith Mumphery,WR,72,215,4.54,32.5,18.89873417721519,121.0,7.07,4.25,2015,MumpKe00,2.0,Houston Texans,5.0,175.0,0.8125
1044,5119,Marcus Murphy,RB,69,198,4.61,29.0,11.0,109.0,7.002360801781737,4.4,2015,MurpMa03,1.0,New Orleans Saints,7.0,230.0,-0.15384615384615385
1046,5125,Nick O'Leary,TE,75,252,4.93,30.5,21.0,110.0,7.4,4.5,2015,OLeaNi00,4.0,Buffalo Bills,6.0,194.0,1.0
1047,5131,DeVante Parker,WR,75,209,4.45,36.5,17.0,125.0,7.002360801781737,4.244398249452954,2015,ParkDe01,14.0,Miami Dolphins,1.0,14.0,4.6
1050,5145,MyCole Pruitt,TE,74,251,4.58,38.0,17.0,118.0,7.25,4.37,2015,PruiMy00,1.0,Minnesota Vikings,5.0,143.0,0.5625
1051,5156,Josh Robinson,RB,68,217,4.7,32.0,21.0,113.0,7.002360801781737,4.244398249452954,2015,RobiJo02,0.0,Indianapolis Colts,6.0,205.0,1.0
1053,5179,Devin Smith,WR,72,196,4.42,39.0,10.0,122.0,7.002360801781737,4.15,2015,SmitDe04,1.0,New York Jets,2.0,37.0,1.6
1054,5185,Jaelen Strong,WR,74,217,4.44,42.0,18.89873417721519,123.0,7.002360801781737,4.244398249452954,2015,StroJa01,2.0,Houston Texans,3.0,70.0,3.4
1056,5201,Clive Walford,TE,76,251,4.79,35.0,20.0,120.0,7.32,4.57,2015,WalfCl00,7.0,Oakland Raiders,3.0,68.0,3.3125
1057,5202,Darren Waller,WR,78,238,4.46,37.0,12.0,125.0,7.07,4.25,2015,WallDa01,1.0,Baltimore Ravens,6.0,204.0,0.3333333333333333
1059,5211,Karlos Williams,RB,73,230,4.48,33.5,16.0,117.0,7.16,4.46,2015,WillKa01,4.0,Buffalo Bills,5.0,155.0,10.272727272727273
1060,5213,Maxx Williams,TE,76,249,4.78,34.5,17.0,117.0,7.3,4.37,2015,WillMa04,3.0,Baltimore Ravens,2.0,55.0,2.357142857142857
1061,5219,Jameis Winston,QB,76,231,4.97,28.5,18.89873417721519,103.0,7.16,4.36,2015,WinsJa00,35.0,Tampa Bay Buccaneers,1.0,1.0,17.4375
1062,5222,T.J. Yeldon,RB,73,226,4.61,36.0,22.0,117.0,7.19,4.22,2015,YeldT.00,15.0,Jacksonville Jaguars,2.0,36.0,10.0
1063,5226,Jerell Adams,TE,77,247,4.64,32.5,18.89873417721519,117.0,7.05,4.31,2016,AdamJe01,2.0,New York Giants,6.0,184.0,1.3846153846153846
1065,5237,Demarcus Ayers,WR,69,182,4.72,33.0,18.89873417721519,123.0,7.002360801781737,4.244398249452954,2016,AyerDe00,0.0,Pittsburgh Steelers,7.0,229.0,5.0
1066,5250,Devontae Booker,RB,71,219,4.56,34.79401408450704,22.0,118.64737793851718,7.002360801781737,4.244398249452954,2016,BookDe00,8.0,Denver Broncos,4.0,136.0,7.0
1067,5252,Tyler Boyd,WR,73,197,4.58,34.0,11.0,119.0,6.9,4.35,2016,BoydTy00,7.0,Cincinnati Bengals,2.0,55.0,4.375
1068,5257,Jacoby Brissett,QB,76,231,4.94,31.0,18.89873417721519,113.0,7.17,4.53,2016,BrisJa00,13.0,New England Patriots,3.0,91.0,9.333333333333334
1069,5265,Aaron Burbridge,WR,72,206,4.56,30.5,20.0,115.0,7.22,4.31,2016,BurbAa00,1.0,San Francisco 49ers,6.0,213.0,0.4375
1070,5275,Leonte Carroo,WR,72,211,4.5,35.5,14.0,120.0,7.002360801781737,4.244398249452954,2016,CarrLe00,1.0,Miami Dolphins,3.0,86.0,0.6428571428571429
1071,5283,Corey Coleman,WR,71,194,4.42,40.5,17.0,129.0,7.002360801781737,4.244398249452954,2016,ColeCo00,5.0,Cleveland Browns,1.0,15.0,6.0
1072,5285,Alex Collins,RB,70,217,4.59,28.5,18.0,113.0,7.002360801781737,4.244398249452954,2016,CollAl00,11.0,Seattle Seahawks,5.0,171.0,2.272727272727273
1073,5287,Connor Cook,QB,76,217,4.79,33.0,18.89873417721519,113.0,7.21,4.28,2016,CookCo00,0.0,Oakland Raiders,4.0,100.0,8.0
1074,5288,Pharoh Cooper,WR,71,203,4.52,31.0,15.0,115.0,7.002360801781737,4.244398249452954,2016,CoopPh00,3.0,Los Angeles Rams,4.0,117.0,0.9
1075,5291,Cody Core,WR,75,205,4.47,31.5,14.0,119.0,7.002360801781737,4.244398249452954,2016,CoreCo00,2.0,Cincinnati Bengals,6.0,199.0,2.5
1076,5300,Trevor Davis,WR,73,188,4.42,38.5,11.0,124.0,6.6,4.22,2016,DaviTr03,1.0,Green Bay Packers,5.0,163.0,0.5454545454545454
1077,5304,Kenneth Dixon,RB,70,215,4.56,37.5,18.0,121.0,6.97,4.28,2016,DixoKe00,3.0,Baltimore Ravens,4.0,134.0,6.0
1078,5306,Josh Doctson,WR,74,202,4.5,41.0,14.0,131.0,6.84,4.08,2016,DoctJo00,5.0,Washington Redskins,1.0,22.0,3.5
1080,5309,Kenyan Drake,RB,73,210,4.45,34.5,10.0,123.0,7.04,4.21,2016,DrakKe00,8.0,Miami Dolphins,3.0,73.0,2.1875
1083,5316,Ezekiel Elliott,RB,72,225,4.47,32.5,18.89873417721519,118.0,7.002360801781737,4.244398249452954,2016,ElliEz00,25.0,Dallas Cowboys,1.0,4.0,19.533333333333335
1084,5317,Tyler Ervin,RB,70,192,4.41,39.0,17.0,130.0,7.002360801781737,4.244398249452954,2016,ErviTy00,0.0,Houston Texans,4.0,119.0,-0.16666666666666666
1085,5329,Will Fuller,WR,72,186,4.32,33.5,10.0,126.0,6.93,4.27,2016,FullWi01,9.0,Houston Texans,1.0,21.0,5.357142857142857
1086,5333,Jared Goff,QB,76,215,4.82,27.0,18.89873417721519,110.0,7.17,4.47,2016,GoffJa00,13.0,Los Angeles Rams,1.0,1.0,7.571428571428571
1088,5349,Hunter Henry,TE,77,250,4.79,34.79401408450704,13.0,118.64737793851718,7.002360801781737,4.244398249452954,2016,HenrHu00,9.0,San Diego Chargers,2.0,35.0,6.4
1089,5351,Derrick Henry,RB,75,247,4.54,37.0,22.0,130.0,7.2,4.38,2016,HenrDe00,10.0,Tennessee Titans,2.0,45.0,6.2
1090,5353,Tyler Higbee,TE,78,249,4.77,34.79401408450704,18.89873417721519,118.64737793851718,7.002360801781737,4.244398249452954,2016,HigbTy00,4.0,Los Angeles Rams,4.0,110.0,0.9375
1091,5354,Rashard Higgins,WR,73,196,4.64,32.0,13.0,116.0,7.002360801781737,4.244398249452954,2016,HiggRa00,2.0,Cleveland Browns,5.0,172.0,0.5
1092,5355,Kevin Hogan,QB,75,218,4.78,32.5,18.89873417721519,113.0,6.9,4.31,2016,HogaKe00,2.0,Kansas City Chiefs,5.0,162.0,4.25
1093,5357,Austin Hooper,TE,76,254,4.72,33.0,19.0,117.0,7.0,4.32,2016,HoopAu00,8.0,Atlanta Falcons,3.0,81.0,3.357142857142857
1094,5360,Jordan Howard,RB,72,230,4.57,34.0,16.0,122.0,7.002360801781737,4.244398249452954,2016,HowaJo00,16.0,Chicago Bears,5.0,150.0,13.4
1095,5377,Cardale Jones,QB,77,253,4.81,36.0,18.89873417721519,118.64737793851718,7.002360801781737,4.244398249452954,2016,JoneCa01,0.0,Buffalo Bills,4.0,139.0,2.0
1096,5391,Cody Kessler,QB,73,220,4.89,29.5,18.89873417721519,104.0,7.32,4.0,2016,KessCo00,3.0,Cleveland Browns,3.0,93.0,8.777777777777779
1097,5399,Daniel Lasco,RB,72,209,4.46,41.5,23.0,135.0,7.22,4.26,2016,LascDa00,0.0,New Orleans Saints,7.0,237.0,0.5714285714285714
1100,5411,Ricardo Louis,WR,74,215,4.43,38.0,18.0,132.0,7.002360801781737,4.244398249452954,2016,LouiRi00,3.0,Cleveland Browns,4.0,114.0,1.4375
1101,5415,Paxton Lynch,QB,79,244,4.86,36.0,18.89873417721519,118.0,7.14,4.26,2016,LyncPa00,2.0,Denver Broncos,1.0,26.0,9.333333333333334
1103,5434,Braxton Miller,WR,73,201,4.5,35.0,17.0,123.0,6.65,4.07,2016,MillBr03,2.0,Houston Texans,3.0,85.0,1.6
1104,5436,Malcolm Mitchell,WR,72,198,4.45,36.0,15.0,129.0,6.94,4.34,2016,MitcMa01,4.0,New England Patriots,4.0,112.0,4.571428571428571
1105,5438,Chris Moore,WR,73,206,4.53,37.0,10.0,130.0,6.76,4.2,2016,MoorCh00,2.0,Baltimore Ravens,4.0,107.0,0.4666666666666667
1108,5463,Charone Peake,WR,74,209,4.45,35.5,12.0,122.0,6.96,4.46,2016,PeakCh00,1.0,New York Jets,7.0,241.0,1.2666666666666666
1109,5464,Paul Perkins,RB,70,208,4.54,32.0,19.0,124.0,7.002360801781737,4.244398249452954,2016,PerkPa00,5.0,New York Giants,5.0,149.0,4.428571428571429
1110,5469,Dak Prescott,QB,74,226,4.79,32.5,18.89873417721519,116.0,7.11,4.32,2016,PresDa01,30.0,Dallas Cowboys,4.0,135.0,18.3125
1111,5470,C.J. Prosise,RB,72,220,4.48,35.5,18.89873417721519,121.0,7.002360801781737,4.244398249452954,2016,ProsC.00,4.0,Seattle Seahawks,3.0,90.0,7.333333333333333
1113,5493,Tajae Sharpe,WR,74,194,4.55,33.5,11.0,114.0,7.002360801781737,4.244398249452954,2016,SharTa00,5.0,Tennessee Titans,5.0,140.0,4.0
1114,5495,Sterling Shepard,WR,70,194,4.48,41.0,20.0,123.0,7.0,4.35,2016,ShepSt00,10.0,New York Giants,2.0,40.0,7.4375
1115,5502,Wendell Smallwood,RB,70,208,4.47,33.5,14.0,120.0,6.83,4.28,2016,SmalWe00,5.0,Philadelphia Eagles,5.0,153.0,3.1538461538461537
1118,5517,Michael Thomas,WR,75,212,4.57,35.0,18.0,126.0,6.8,4.13,2016,ThomMi05,23.0,New Orleans Saints,2.0,47.0,10.933333333333334
1119,5524,Laquon Treadwell,WR,74,221,4.52,33.0,12.0,117.0,7.002360801781737,4.244398249452954,2016,TreaLa00,2.0,Minnesota Vikings,1.0,23.0,0.2222222222222222
1120,5532,Nick Vannett,TE,78,257,4.76,30.5,17.0,111.0,7.05,4.2,2016,VannNi00,1.0,Seattle Seahawks,3.0,94.0,0.3333333333333333
1122,5539,Carson Wentz,QB,77,237,4.77,30.5,18.89873417721519,118.0,6.86,4.15,2016,WentCa00,24.0,Philadelphia Eagles,1.0,2.0,13.5625
1123,5544,Jonathan Williams,RB,71,220,4.56,34.79401408450704,16.0,118.64737793851718,7.002360801781737,4.244398249452954,2016,WillJo07,1.0,Buffalo Bills,5.0,156.0,1.0
